dt,visitor_count,is_weekend,month,weekofyear,dayofweek,quarter,temp_mean,temp_max,temp_min,precipitation,wiki_pageviews,trends_interest,traffic_proxy,traffic_proxy_ma7,traffic_proxy_lag7,traffic_proxy_ma14,traffic_proxy_lag14,visitor_count_lag1,visitor_count_lag7,visitor_count_lag14,visitor_count_lag30,visitor_count_ma7,visitor_count_ma30,temp_mean_ma7,precipitation_ma7
2023-01-31,5139.0,0,1,5,1,1,14.1,23.2,5.2,0.0,0,0,0.0,0.0,0.0,0.0,0.0,5028.0,7658.125,4816.0,7658.125,6500.482142857143,5851.595833333334,11.842857142857143,0.0
2023-02-01,5231.0,0,2,5,2,1,14.9,23.0,7.1,0.0,0,0,0.0,0.0,0.0,0.0,0.0,5139.0,7658.125,5539.0,7658.125,6153.75,5770.691666666667,12.357142857142858,0.0
2023-02-02,5195.0,0,2,5,3,1,13.7,18.7,8.8,0.0,0,0,0.0,0.0,0.0,0.0,0.0,5231.0,7658.125,4831.0,4886.0,5801.875,5780.991666666667,12.442857142857141,0.0
2023-02-03,5130.0,0,2,5,4,1,12.4,19.9,5.4,0.0,0,0,0.0,0.0,0.0,0.0,0.0,5195.0,7658.125,5220.0,4776.0,5440.714285714285,5792.791666666667,12.357142857142858,0.0
2023-02-04,6305.0,1,2,5,5,1,12.4,19.5,4.4,0.0,0,0,0.0,0.0,0.0,0.0,0.0,5130.0,6249.0,5724.0,4526.0,5448.714285714285,5852.091666666666,12.542857142857143,0.0
2023-02-05,6103.0,1,2,5,6,1,11.9,18.4,5.7,0.0,0,0,0.0,0.0,0.0,0.0,0.0,6305.0,6113.0,7658.125,5112.0,5447.285714285715,5885.125,13.028571428571428,0.0
2023-02-06,5183.0,0,2,6,0,1,11.8,18.8,4.6,0.0,0,0,0.0,0.0,0.0,0.0,0.0,6103.0,5028.0,7658.125,5879.0,5469.428571428572,5861.925,13.028571428571428,0.0
2023-02-07,5139.0,0,2,6,1,1,11.9,18.6,5.5,0.0,0,0,0.0,0.0,0.0,0.0,0.0,5183.0,5139.0,7658.125,6076.0,5469.428571428572,5830.691666666667,12.714285714285714,0.0
2023-02-08,4828.0,0,2,6,2,1,11.3,16.8,6.0,0.0,0,0,0.0,0.0,0.0,0.0,0.0,5139.0,5231.0,7658.125,5109.0,5411.857142857143,5821.325,12.200000000000001,0.0
2023-02-09,4853.0,0,2,6,3,1,10.9,17.6,4.1,0.0,0,0,0.0,0.0,0.0,0.0,0.0,4828.0,5195.0,7658.125,5031.0,5363.0,5815.391666666666,11.8,0.0
2023-02-10,5174.0,0,2,6,4,1,11.5,18.8,4.5,0.0,0,0,0.0,0.0,0.0,0.0,0.0,4853.0,5130.0,7658.125,4925.0,5369.285714285715,5823.691666666667,11.671428571428573,0.0
2023-02-11,6229.0,1,2,6,5,1,12.0,19.1,5.2,0.0,0,0,0.0,0.0,0.0,0.0,0.0,5174.0,6305.0,6249.0,5100.0,5358.428571428572,5861.325,11.614285714285716,0.0
2023-02-12,6361.0,1,2,6,6,1,12.3,19.4,5.8,0.0,0,0,0.0,0.0,0.0,0.0,0.0,6229.0,6103.0,6113.0,5119.0,5395.285714285715,5902.725,11.671428571428573,0.0
2023-02-13,4656.0,0,2,7,0,1,12.5,19.7,5.3,0.0,0,0,0.0,0.0,0.0,0.0,0.0,6361.0,5183.0,5028.0,6164.0,5320.0,5852.458333333333,11.771428571428572,0.0
2023-02-14,5243.0,0,2,7,1,1,12.9,21.0,4.8,0.0,0,0,0.0,0.0,0.0,0.0,0.0,4656.0,5139.0,5139.0,5697.0,5334.857142857143,5837.325,11.914285714285715,0.0
2023-02-15,4663.0,0,2,7,2,1,13.5,20.9,6.3,0.0,0,0,0.0,0.0,0.0,0.0,0.0,5243.0,4828.0,5231.0,4882.0,5311.285714285715,5830.025,12.228571428571428,0.0
2023-02-16,5121.0,0,2,7,3,1,13.2,20.8,5.9,0.0,0,0,0.0,0.0,0.0,0.0,0.0,4663.0,4853.0,5195.0,4816.0,5349.571428571428,5840.191666666667,12.557142857142855,0.0
2023-02-17,4640.0,0,2,7,4,1,13.3,20.4,6.0,0.0,0,0,0.0,0.0,0.0,0.0,0.0,5121.0,5174.0,5130.0,5539.0,5273.285714285715,5810.225,12.814285714285713,0.0
2023-02-18,6465.0,1,2,7,5,1,13.5,21.0,5.5,0.0,0,0,0.0,0.0,0.0,0.0,0.0,4640.0,6229.0,6305.0,4831.0,5307.0,5864.691666666667,13.028571428571427,0.0
2023-02-19,6032.0,1,2,7,6,1,13.7,21.3,6.1,0.0,0,0,0.0,0.0,0.0,0.0,0.0,6465.0,6361.0,6103.0,5220.0,5260.0,5891.758333333333,13.228571428571428,0.0
2023-02-20,5563.0,0,2,8,0,1,13.1,18.6,7.0,0.0,0,0,0.0,0.0,0.0,0.0,0.0,6032.0,4656.0,5183.0,5724.0,5389.571428571428,5886.391666666666,13.314285714285715,0.0
2023-02-21,5187.0,0,2,8,1,1,13.5,19.2,6.7,0.0,0,0,0.0,0.0,0.0,0.0,0.0,5563.0,5243.0,5139.0,7658.125,5381.571428571428,5804.020833333333,13.400000000000002,0.0
2023-02-22,5322.0,0,2,8,2,1,13.7,19.3,7.1,0.0,0,0,0.0,0.0,0.0,0.0,0.0,5187.0,4663.0,4828.0,7658.125,5475.714285714285,5726.15,13.428571428571429,0.0
2023-02-23,5221.0,0,2,8,3,1,12.8,18.1,6.2,0.5,0,0,0.0,0.0,0.0,0.0,0.0,5322.0,5121.0,4853.0,7658.125,5490.0,5644.9125,13.371428571428572,0.07142857142857142
2023-02-24,5479.0,0,2,8,4,1,12.9,20.9,6.1,0.0,0,0,0.0,0.0,0.0,0.0,0.0,5221.0,4640.0,5174.0,7658.125,5609.857142857143,5572.275,13.314285714285715,0.07142857142857142
2023-02-25,6155.0,1,2,8,5,1,12.7,20.2,5.7,0.0,0,0,0.0,0.0,0.0,0.0,0.0,5479.0,6465.0,6229.0,7658.125,5565.571428571428,5522.170833333334,13.2,0.07142857142857142
2023-02-26,5881.0,1,2,8,6,1,11.6,18.2,8.0,0.3,0,0,0.0,0.0,0.0,0.0,0.0,6155.0,6032.0,6361.0,7658.125,5544.0,5462.933333333333,12.9,0.1142857142857143
2023-02-27,4786.0,0,2,9,0,1,10.7,14.7,6.8,0.2,0,0,0.0,0.0,0.0,0.0,0.0,5881.0,5563.0,4656.0,6249.0,5433.0,5414.166666666667,12.557142857142855,0.14285714285714285
2023-02-28,4894.0,0,2,9,1,1,11.9,18.9,6.8,0.0,0,0,0.0,0.0,0.0,0.0,0.0,4786.0,5187.0,5243.0,6113.0,5391.142857142857,5373.533333333334,12.328571428571427,0.14285714285714285
2023-03-01,5143.0,0,3,9,2,1,13.2,20.6,5.8,0.0,0,0,0.0,0.0,0.0,0.0,0.0,4894.0,5322.0,4663.0,5028.0,5365.571428571428,5377.366666666667,12.257142857142858,0.14285714285714285
2023-03-02,5215.0,0,3,9,3,1,13.5,20.8,6.1,0.0,0,0,0.0,0.0,0.0,0.0,0.0,5143.0,5221.0,5121.0,5139.0,5364.714285714285,5379.9,12.357142857142858,0.07142857142857142
2023-03-03,5102.0,0,3,9,4,1,13.7,22.1,5.8,0.0,0,0,0.0,0.0,0.0,0.0,0.0,5215.0,5479.0,4640.0,5231.0,5310.857142857143,5375.6,12.471428571428572,0.07142857142857142
2023-03-04,6260.0,1,3,9,5,1,14.3,21.5,7.0,0.0,0,0,0.0,0.0,0.0,0.0,0.0,5102.0,6155.0,6465.0,5195.0,5325.857142857143,5411.1,12.700000000000001,0.07142857142857142
2023-03-05,6548.0,1,3,9,6,1,14.5,21.2,6.5,0.0,0,0,0.0,0.0,0.0,0.0,0.0,6260.0,5881.0,6032.0,5130.0,5421.142857142857,5458.366666666667,13.114285714285716,0.028571428571428574
2023-03-06,4846.0,0,3,10,0,1,14.8,21.5,7.3,0.0,0,0,0.0,0.0,0.0,0.0,0.0,6548.0,4786.0,5563.0,6305.0,5429.714285714285,5409.733333333334,13.700000000000001,0.0
2023-03-07,5106.0,0,3,10,1,1,15.2,22.7,7.2,0.0,0,0,0.0,0.0,0.0,0.0,0.0,4846.0,4894.0,5187.0,6103.0,5460.0,5376.5,14.171428571428569,0.0
2023-03-08,5443.0,0,3,10,2,1,15.7,24.0,8.2,0.0,0,0,0.0,0.0,0.0,0.0,0.0,5106.0,5143.0,5322.0,5183.0,5502.857142857143,5385.166666666667,14.528571428571428,0.0
2023-03-09,5058.0,0,3,10,3,1,16.5,24.1,8.1,0.0,0,0,0.0,0.0,0.0,0.0,0.0,5443.0,5215.0,5221.0,5139.0,5480.428571428572,5382.466666666666,14.957142857142856,0.0
2023-03-10,5466.0,0,3,10,4,1,16.2,24.1,7.6,0.0,0,0,0.0,0.0,0.0,0.0,0.0,5058.0,5102.0,5479.0,4828.0,5532.428571428572,5403.733333333334,15.314285714285715,0.0
2023-03-11,6236.0,1,3,10,5,1,16.5,24.4,8.6,0.0,0,0,0.0,0.0,0.0,0.0,0.0,5466.0,6260.0,6155.0,4853.0,5529.0,5449.833333333333,15.62857142857143,0.0
2023-03-12,6191.0,1,3,10,6,1,16.2,24.0,8.4,0.0,0,0,0.0,0.0,0.0,0.0,0.0,6236.0,6548.0,5881.0,5174.0,5478.0,5483.733333333334,15.871428571428572,0.0
2023-03-13,5104.0,0,3,11,0,1,13.5,19.6,7.4,0.1,0,0,0.0,0.0,0.0,0.0,0.0,6191.0,4846.0,4786.0,6229.0,5514.857142857143,5446.233333333334,15.685714285714285,0.014285714285714287
2023-03-14,5217.0,0,3,11,1,1,14.4,22.3,6.4,0.0,0,0,0.0,0.0,0.0,0.0,0.0,5104.0,5106.0,4894.0,6361.0,5530.714285714285,5408.1,15.57142857142857,0.014285714285714287
2023-03-15,5127.0,0,3,11,2,1,14.7,22.1,8.1,0.0,0,0,0.0,0.0,0.0,0.0,0.0,5217.0,5443.0,5143.0,4656.0,5485.571428571428,5423.8,15.428571428571429,0.014285714285714287
2023-03-16,5474.0,0,3,11,3,1,14.1,20.4,8.3,0.0,0,0,0.0,0.0,0.0,0.0,0.0,5127.0,5058.0,5215.0,5243.0,5545.0,5431.5,15.085714285714285,0.014285714285714287
2023-03-17,5132.0,0,3,11,4,1,14.9,22.8,7.6,0.0,0,0,0.0,0.0,0.0,0.0,0.0,5474.0,5466.0,5102.0,4663.0,5497.285714285715,5447.133333333333,14.9,0.014285714285714287
2023-03-18,6512.0,1,3,11,5,1,15.4,21.6,8.5,0.1,0,0,0.0,0.0,0.0,0.0,0.0,5132.0,6236.0,6260.0,5121.0,5536.714285714285,5493.5,14.742857142857144,0.028571428571428574
2023-03-19,6512.0,1,3,11,6,1,15.8,23.5,8.3,0.0,0,0,0.0,0.0,0.0,0.0,0.0,6512.0,6191.0,6548.0,4640.0,5582.571428571428,5555.9,14.685714285714285,0.028571428571428574
2023-03-20,5156.0,0,3,12,0,1,15.0,20.6,10.8,0.6,0,0,0.0,0.0,0.0,0.0,0.0,6512.0,5104.0,4846.0,6465.0,5590.0,5512.266666666666,14.9,0.09999999999999999
2023-03-21,5454.0,0,3,12,1,1,14.2,20.2,9.1,0.0,0,0,0.0,0.0,0.0,0.0,0.0,5156.0,5217.0,5106.0,6032.0,5623.857142857143,5493.0,14.871428571428572,0.09999999999999999
2023-03-22,5513.0,0,3,12,2,1,13.5,20.1,8.5,0.1,0,0,0.0,0.0,0.0,0.0,0.0,5454.0,5127.0,5443.0,5563.0,5679.0,5491.333333333333,14.700000000000001,0.11428571428571428
2023-03-23,5273.0,0,3,12,3,1,13.4,20.6,6.4,0.0,0,0,0.0,0.0,0.0,0.0,0.0,5513.0,5474.0,5058.0,5187.0,5650.285714285715,5494.2,14.6,0.11428571428571428
2023-03-24,5352.0,0,3,12,4,1,14.2,21.8,5.8,0.0,0,0,0.0,0.0,0.0,0.0,0.0,5273.0,5132.0,5466.0,5322.0,5681.714285714285,5495.2,14.5,0.11428571428571428
2023-03-25,5916.0,1,3,12,5,1,15.1,22.9,7.3,0.0,0,0,0.0,0.0,0.0,0.0,0.0,5352.0,6512.0,6236.0,5221.0,5596.571428571428,5518.366666666667,14.457142857142856,0.09999999999999999
2023-03-26,6393.0,1,3,12,6,1,15.3,21.7,8.7,0.0,0,0,0.0,0.0,0.0,0.0,0.0,5916.0,6512.0,6191.0,5479.0,5579.571428571428,5548.833333333333,14.385714285714286,0.09999999999999999
2023-03-27,5437.0,0,3,13,0,1,15.2,22.5,9.1,0.3,0,0,0.0,0.0,0.0,0.0,0.0,6393.0,5156.0,5104.0,6155.0,5619.714285714285,5524.9,14.414285714285715,0.05714285714285715
2023-03-28,5534.0,0,3,13,1,1,13.9,19.5,9.7,0.0,0,0,0.0,0.0,0.0,0.0,0.0,5437.0,5454.0,5217.0,5881.0,5631.142857142857,5513.333333333333,14.37142857142857,0.05714285714285715
2023-03-29,5074.0,0,3,13,2,1,13.8,22.0,5.8,0.0,0,0,0.0,0.0,0.0,0.0,0.0,5534.0,5513.0,5127.0,4786.0,5568.428571428572,5522.933333333333,14.414285714285713,0.042857142857142864
2023-03-30,5252.0,0,3,13,3,1,14.9,22.7,7.2,0.0,0,0,0.0,0.0,0.0,0.0,0.0,5074.0,5273.0,5474.0,4894.0,5565.428571428572,5534.866666666667,14.62857142857143,0.042857142857142864
2023-03-31,5459.0,0,3,13,4,1,15.1,22.4,8.3,0.0,0,0,0.0,0.0,0.0,0.0,0.0,5252.0,5352.0,5132.0,5143.0,5580.714285714285,5545.4,14.757142857142856,0.042857142857142864
2023-04-01,6128.0,1,4,13,5,2,15.1,23.2,7.9,0.1,0,0,0.0,0.0,0.0,0.0,0.0,5459.0,5916.0,6512.0,5215.0,5611.0,5575.833333333333,14.757142857142856,0.05714285714285715
2023-04-02,6304.0,1,4,13,6,2,14.1,20.0,10.8,2.6,0,0,0.0,0.0,0.0,0.0,0.0,6128.0,6393.0,6512.0,5102.0,5598.285714285715,5615.9,14.585714285714285,0.42857142857142855
2023-04-03,4578.0,0,4,14,0,2,13.8,20.6,8.7,0.0,0,0,0.0,0.0,0.0,0.0,0.0,6304.0,5437.0,5156.0,6260.0,5475.571428571428,5559.833333333333,14.385714285714286,0.38571428571428573
2023-04-04,5313.0,0,4,14,1,2,14.5,21.5,7.8,0.0,0,0,0.0,0.0,0.0,0.0,0.0,4578.0,5534.0,5454.0,6548.0,5444.0,5518.666666666667,14.471428571428572,0.38571428571428573
2023-04-05,7658.125,0,4,14,2,2,15.1,22.1,8.3,0.0,0,0,0.0,0.0,0.0,0.0,0.0,5313.0,5074.0,5513.0,4846.0,5813.160714285715,5612.404166666666,14.657142857142858,0.38571428571428573
2023-04-06,4909.0,0,4,14,3,2,15.7,22.5,9.3,0.0,0,0,0.0,0.0,0.0,0.0,0.0,7658.125,5252.0,5273.0,5106.0,5764.160714285715,5605.8375,14.771428571428572,0.38571428571428573
2023-04-07,5213.0,0,4,14,4,2,16.6,24.9,8.1,0.0,0,0,0.0,0.0,0.0,0.0,0.0,4909.0,5459.0,5352.0,5443.0,5729.017857142857,5598.170833333334,14.985714285714286,0.38571428571428573
2023-04-08,6272.0,1,4,14,5,2,17.7,26.1,8.9,0.0,0,0,0.0,0.0,0.0,0.0,0.0,5213.0,6128.0,5916.0,5058.0,5749.589285714285,5638.6375,15.357142857142858,0.37142857142857144
2023-04-09,6413.0,1,4,14,6,2,18.7,27.0,9.5,0.0,0,0,0.0,0.0,0.0,0.0,0.0,6272.0,6304.0,6393.0,5466.0,5765.160714285715,5670.204166666666,16.014285714285712,0.0
2023-04-10,4862.0,0,4,15,0,2,18.8,26.6,10.3,0.0,0,0,0.0,0.0,0.0,0.0,0.0,6413.0,4578.0,5437.0,6236.0,5805.732142857143,5624.404166666666,16.72857142857143,0.0
2023-04-11,5165.0,0,4,15,1,2,19.1,26.9,10.9,0.0,0,0,0.0,0.0,0.0,0.0,0.0,4862.0,5313.0,5534.0,6191.0,5784.589285714285,5590.204166666666,17.385714285714286,0.0
2023-04-12,5746.0,0,4,15,2,2,19.1,27.2,10.8,0.0,0,0,0.0,0.0,0.0,0.0,0.0,5165.0,7658.125,5074.0,5104.0,5511.428571428572,5611.604166666667,17.95714285714286,0.0
2023-04-13,5380.0,0,4,15,3,2,19.1,27.1,10.3,0.0,0,0,0.0,0.0,0.0,0.0,0.0,5746.0,4909.0,5252.0,5217.0,5578.714285714285,5617.0375,18.442857142857143,0.0
2023-04-14,5223.0,0,4,15,4,2,20.4,28.7,10.8,0.0,0,0,0.0,0.0,0.0,0.0,0.0,5380.0,5213.0,5459.0,5127.0,5580.142857142857,5620.2375,18.985714285714288,0.0
2023-04-15,6615.0,1,4,15,5,2,20.1,27.1,12.7,0.0,0,0,0.0,0.0,0.0,0.0,0.0,5223.0,6272.0,6128.0,5474.0,5629.142857142857,5658.270833333333,19.32857142857143,0.0
2023-04-16,6455.0,1,4,15,6,2,21.2,28.4,13.2,0.0,0,0,0.0,0.0,0.0,0.0,0.0,6615.0,6413.0,6304.0,5132.0,5635.142857142857,5702.370833333333,19.685714285714287,0.0
2023-04-17,5592.0,0,4,16,0,2,21.6,29.1,13.5,0.0,0,0,0.0,0.0,0.0,0.0,0.0,6455.0,4862.0,4578.0,6512.0,5739.428571428572,5671.704166666666,20.085714285714285,0.0
2023-04-18,5391.0,0,4,16,1,2,21.0,28.1,13.0,0.0,0,0,0.0,0.0,0.0,0.0,0.0,5592.0,5165.0,5313.0,6512.0,5771.714285714285,5634.3375,20.357142857142858,0.0
2023-04-19,5829.0,0,4,16,2,2,21.3,29.3,12.8,0.0,0,0,0.0,0.0,0.0,0.0,0.0,5391.0,5746.0,7658.125,5156.0,5783.571428571428,5656.770833333333,20.67142857142857,0.0
2023-04-20,5491.0,0,4,16,3,2,20.8,28.2,13.1,0.0,0,0,0.0,0.0,0.0,0.0,0.0,5829.0,5380.0,4909.0,5454.0,5799.428571428572,5658.004166666667,20.914285714285715,0.0
2023-04-21,5475.0,0,4,16,4,2,19.7,26.7,13.0,0.0,0,0,0.0,0.0,0.0,0.0,0.0,5491.0,5223.0,5213.0,5513.0,5835.428571428572,5656.7375,20.814285714285713,0.0
2023-04-22,6058.0,1,4,16,5,2,18.9,25.7,12.9,0.0,0,0,0.0,0.0,0.0,0.0,0.0,5475.0,6615.0,6272.0,5273.0,5755.857142857143,5682.904166666666,20.642857142857142,0.0
2023-04-23,6203.0,1,4,16,6,2,18.2,25.5,12.0,0.0,0,0,0.0,0.0,0.0,0.0,0.0,6058.0,6455.0,6413.0,5352.0,5719.857142857143,5711.270833333333,20.214285714285715,0.0
2023-04-24,5561.0,0,4,17,0,2,18.4,24.3,12.8,0.0,0,0,0.0,0.0,0.0,0.0,0.0,6203.0,5592.0,4862.0,5916.0,5715.428571428572,5699.4375,19.75714285714286,0.0
2023-04-25,5207.0,0,4,17,1,2,19.0,25.1,11.5,0.0,0,0,0.0,0.0,0.0,0.0,0.0,5561.0,5391.0,5165.0,6393.0,5689.142857142857,5659.904166666666,19.47142857142857,0.0
2023-04-26,5575.0,0,4,17,2,2,19.2,25.1,13.3,0.0,0,0,0.0,0.0,0.0,0.0,0.0,5207.0,5829.0,5746.0,5437.0,5652.857142857143,5664.504166666667,19.17142857142857,0.0
2023-04-27,5049.0,0,4,17,3,2,19.5,25.7,12.4,0.0,0,0,0.0,0.0,0.0,0.0,0.0,5575.0,5491.0,5380.0,5534.0,5589.714285714285,5648.3375,18.985714285714288,0.0
2023-04-28,5335.0,0,4,17,4,2,18.6,24.2,12.8,0.0,0,0,0.0,0.0,0.0,0.0,0.0,5049.0,5475.0,5223.0,5074.0,5569.714285714285,5657.0375,18.828571428571426,0.0
2023-04-29,6576.0,1,4,17,5,2,18.5,25.4,12.3,0.0,0,0,0.0,0.0,0.0,0.0,0.0,5335.0,6058.0,6615.0,5252.0,5643.714285714285,5701.170833333334,18.771428571428572,0.0
2023-04-30,6423.0,1,4,17,6,2,18.5,24.4,12.4,0.0,0,0,0.0,0.0,0.0,0.0,0.0,6576.0,6203.0,6455.0,5459.0,5675.142857142857,5733.304166666667,18.814285714285713,0.0
2023-05-01,7658.125,0,5,18,0,2,18.2,23.9,13.0,0.5,0,0,0.0,0.0,0.0,0.0,0.0,6423.0,5561.0,5592.0,6128.0,5974.732142857143,5784.308333333333,18.785714285714285,0.07142857142857142
2023-05-02,7658.125,0,5,18,1,2,18.5,24.8,13.7,0.0,0,0,0.0,0.0,0.0,0.0,0.0,7658.125,5207.0,5391.0,6304.0,6324.892857142857,5829.445833333333,18.714285714285715,0.07142857142857142
2023-05-03,7658.125,0,5,18,2,2,19.0,25.5,12.5,0.0,0,0,0.0,0.0,0.0,0.0,0.0,7658.125,5575.0,5829.0,4578.0,6622.482142857143,5932.116666666667,18.685714285714287,0.07142857142857142
2023-05-04,5534.0,0,5,18,3,2,20.5,28.3,12.9,0.0,0,0,0.0,0.0,0.0,0.0,0.0,7658.125,5049.0,5491.0,5313.0,6691.767857142857,5939.483333333334,18.82857142857143,0.07142857142857142
2023-05-05,5748.0,0,5,18,4,2,20.4,26.9,13.8,0.0,0,0,0.0,0.0,0.0,0.0,0.0,5534.0,5335.0,5475.0,7658.125,6750.767857142857,5875.8125,19.085714285714285,0.07142857142857142
2023-05-06,6688.0,1,5,18,5,2,20.5,26.6,13.9,0.0,0,0,0.0,0.0,0.0,0.0,0.0,5748.0,6576.0,6058.0,4909.0,6766.767857142857,5935.1125,19.37142857142857,0.07142857142857142
2023-05-07,6394.0,1,5,18,6,2,21.1,29.5,13.0,0.0,0,0,0.0,0.0,0.0,0.0,0.0,6688.0,6423.0,6203.0,5213.0,6762.625,5974.479166666667,19.74285714285714,0.07142857142857142
2023-05-08,5479.0,0,5,19,0,2,21.8,29.7,14.1,0.0,0,0,0.0,0.0,0.0,0.0,0.0,6394.0,7658.125,5561.0,6272.0,6451.321428571428,5948.045833333334,20.25714285714286,0.0
2023-05-09,5727.0,0,5,19,1,2,21.8,29.2,13.8,0.0,0,0,0.0,0.0,0.0,0.0,0.0,5479.0,7658.125,5207.0,6413.0,6175.446428571428,5925.179166666667,20.72857142857143,0.0
2023-05-10,5202.0,0,5,19,2,2,20.7,26.7,14.9,0.3,0,0,0.0,0.0,0.0,0.0,0.0,5727.0,7658.125,5575.0,4862.0,5824.571428571428,5936.5125,20.97142857142857,0.04285714285714286
2023-05-11,5169.0,0,5,19,3,2,19.6,24.6,14.0,0.0,0,0,0.0,0.0,0.0,0.0,0.0,5202.0,5534.0,5049.0,5165.0,5772.428571428572,5936.645833333333,20.842857142857145,0.04285714285714286
2023-05-12,5346.0,0,5,19,4,2,21.0,28.5,12.4,0.0,0,0,0.0,0.0,0.0,0.0,0.0,5169.0,5748.0,5335.0,5746.0,5715.0,5923.3125,20.928571428571427,0.04285714285714286
2023-05-13,5770.0,1,5,19,5,2,17.2,20.8,15.0,5.4375,0,0,0.0,0.0,0.0,0.0,0.0,5346.0,6688.0,6576.0,5380.0,5583.857142857143,5936.3125,20.457142857142856,0.8196428571428571
2023-05-14,5893.0,1,5,19,6,2,14.0,15.1,12.7,5.4375,0,0,0.0,0.0,0.0,0.0,0.0,5770.0,6394.0,6423.0,5223.0,5512.285714285715,5958.645833333333,19.442857142857147,1.5964285714285715
2023-05-15,4901.0,0,5,20,0,2,13.0,14.9,11.8,5.4375,0,0,0.0,0.0,0.0,0.0,0.0,5893.0,5479.0,7658.125,6615.0,5429.714285714285,5901.5125,18.185714285714287,2.373214285714286
2023-05-16,5315.0,0,5,20,1,2,17.2,23.0,12.4,0.0,0,0,0.0,0.0,0.0,0.0,0.0,4901.0,5727.0,7658.125,6455.0,5370.857142857143,5863.5125,17.52857142857143,2.373214285714286
2023-05-17,5025.0,0,5,20,2,2,18.3,25.2,12.0,0.0,0,0,0.0,0.0,0.0,0.0,0.0,5315.0,5202.0,7658.125,5592.0,5345.571428571428,5844.6125,17.185714285714287,2.330357142857143
2023-05-18,4955.0,0,5,20,3,2,19.7,26.4,13.0,0.0,0,0,0.0,0.0,0.0,0.0,0.0,5025.0,5169.0,5534.0,5391.0,5315.0,5830.079166666666,17.2,2.330357142857143
2023-05-19,5461.0,0,5,20,4,2,20.0,26.9,13.5,0.0,0,0,0.0,0.0,0.0,0.0,0.0,4955.0,5346.0,5748.0,5829.0,5331.428571428572,5817.8125,17.057142857142857,2.330357142857143
2023-05-20,6623.0,1,5,20,5,2,20.4,26.9,14.2,0.1,0,0,0.0,0.0,0.0,0.0,0.0,5461.0,5770.0,6688.0,5491.0,5453.285714285715,5855.545833333334,17.514285714285712,1.5678571428571428
2023-05-21,6741.0,1,5,20,6,2,21.1,29.0,13.5,0.0,0,0,0.0,0.0,0.0,0.0,0.0,6623.0,5893.0,6394.0,5475.0,5574.428571428572,5897.745833333333,18.52857142857143,0.7910714285714285
2023-05-22,5388.0,0,5,21,0,2,21.4,29.7,14.1,0.0,0,0,0.0,0.0,0.0,0.0,0.0,6741.0,4901.0,5479.0,6058.0,5644.0,5875.4125,19.728571428571428,0.014285714285714287
2023-05-23,5078.0,0,5,21,1,2,21.7,28.6,14.7,0.0,0,0,0.0,0.0,0.0,0.0,0.0,5388.0,5315.0,5727.0,6203.0,5610.142857142857,5837.9125,20.37142857142857,0.014285714285714287
2023-05-24,5460.0,0,5,21,2,2,21.9,28.9,15.5,0.0,0,0,0.0,0.0,0.0,0.0,0.0,5078.0,5025.0,5202.0,5561.0,5672.285714285715,5834.545833333334,20.885714285714283,0.014285714285714287
2023-05-25,5260.0,0,5,21,3,2,20.5,25.2,15.7,0.0,0,0,0.0,0.0,0.0,0.0,0.0,5460.0,4955.0,5169.0,5207.0,5715.857142857143,5836.3125,21.0,0.014285714285714287
2023-05-26,5094.0,0,5,21,4,2,20.7,27.3,15.7,0.1,0,0,0.0,0.0,0.0,0.0,0.0,5260.0,5461.0,5346.0,5575.0,5663.428571428572,5820.279166666666,21.099999999999998,0.028571428571428574
2023-05-27,6713.0,1,5,21,5,2,21.7,28.9,15.3,0.0,0,0,0.0,0.0,0.0,0.0,0.0,5094.0,6623.0,5770.0,5049.0,5676.285714285715,5875.745833333333,21.285714285714285,0.014285714285714287
2023-05-28,6084.0,1,5,21,6,2,22.7,29.8,15.0,0.0,0,0,0.0,0.0,0.0,0.0,0.0,6713.0,6741.0,5893.0,5335.0,5582.428571428572,5900.7125,21.514285714285712,0.014285714285714287
2023-05-29,5502.0,0,5,22,0,2,24.3,32.8,16.5,0.0,0,0,0.0,0.0,0.0,0.0,0.0,6084.0,5388.0,4901.0,6576.0,5598.714285714285,5864.9125,21.928571428571427,0.014285714285714287
2023-05-30,5064.0,0,5,22,1,2,25.2,33.0,17.2,0.0,0,0,0.0,0.0,0.0,0.0,0.0,5502.0,5078.0,5315.0,6423.0,5596.714285714285,5819.6125,22.428571428571427,0.014285714285714287
2023-05-31,5325.0,0,5,22,2,2,26.0,33.4,19.0,0.0,0,0,0.0,0.0,0.0,0.0,0.0,5064.0,5460.0,5025.0,7658.125,5577.428571428572,5741.841666666666,23.014285714285712,0.014285714285714287
2023-06-01,5393.0,0,6,22,3,2,25.6,33.3,18.0,0.0,0,0,0.0,0.0,0.0,0.0,0.0,5325.0,5260.0,4955.0,7658.125,5596.428571428572,5666.3375,23.74285714285714,0.014285714285714287
2023-06-02,5475.0,0,6,22,4,2,23.6,30.8,18.2,0.5,0,0,0.0,0.0,0.0,0.0,0.0,5393.0,5094.0,5461.0,7658.125,5650.857142857143,5593.566666666667,24.157142857142855,0.07142857142857142
2023-06-03,6305.0,1,6,22,5,2,23.1,29.8,17.6,0.4,0,0,0.0,0.0,0.0,0.0,0.0,5475.0,6713.0,6623.0,5534.0,5592.571428571428,5619.266666666666,24.357142857142858,0.1285714285714286
2023-06-04,6541.0,1,6,22,6,2,23.7,30.9,16.7,0.0,0,0,0.0,0.0,0.0,0.0,0.0,6305.0,6084.0,6741.0,5748.0,5657.857142857143,5645.7,24.5,0.1285714285714286
2023-06-05,4955.0,0,6,23,0,2,24.6,32.4,17.0,0.0,0,0,0.0,0.0,0.0,0.0,0.0,6541.0,5502.0,5388.0,6688.0,5579.714285714285,5587.933333333333,24.54285714285714,0.1285714285714286
2023-06-06,4885.0,0,6,23,1,2,23.5,29.2,18.5,2.6,0,0,0.0,0.0,0.0,0.0,0.0,4955.0,5064.0,5078.0,6394.0,5554.142857142857,5537.633333333333,24.3,0.5
2023-06-07,5154.0,0,6,23,2,2,22.3,28.3,17.6,2.3,0,0,0.0,0.0,0.0,0.0,0.0,4885.0,5325.0,5460.0,5479.0,5529.714285714285,5526.8,23.771428571428572,0.8285714285714285
2023-06-08,5164.0,0,6,23,3,2,20.2,25.5,18.1,5.4375,0,0,0.0,0.0,0.0,0.0,0.0,5154.0,5393.0,5260.0,5727.0,5497.0,5508.033333333334,23.0,1.605357142857143
2023-06-09,5076.0,0,6,23,4,2,19.1,22.2,17.3,5.4375,0,0,0.0,0.0,0.0,0.0,0.0,5164.0,5475.0,5094.0,5202.0,5440.0,5503.833333333333,22.357142857142858,2.310714285714286
2023-06-10,6231.0,1,6,23,5,2,17.0,18.8,15.7,5.4375,0,0,0.0,0.0,0.0,0.0,0.0,5076.0,6305.0,6713.0,5169.0,5429.428571428572,5539.233333333334,21.485714285714284,3.0303571428571425
2023-06-11,6443.0,1,6,23,6,2,18.0,21.7,15.5,0.3,0,0,0.0,0.0,0.0,0.0,0.0,6231.0,6541.0,6084.0,5346.0,5415.428571428572,5575.8,20.67142857142857,3.0732142857142857
2023-06-12,5092.0,0,6,24,0,2,18.6,21.4,16.7,3.2,0,0,0.0,0.0,0.0,0.0,0.0,6443.0,4955.0,5502.0,5770.0,5435.0,5553.2,19.814285714285717,3.5303571428571425
2023-06-13,5363.0,0,6,24,1,2,18.5,21.3,16.8,5.4375,0,0,0.0,0.0,0.0,0.0,0.0,5092.0,4885.0,5064.0,5893.0,5503.285714285715,5535.533333333334,19.1,3.9357142857142855
2023-06-14,4734.0,0,6,24,2,2,17.7,18.9,16.4,5.4375,0,0,0.0,0.0,0.0,0.0,0.0,5363.0,5154.0,5325.0,4901.0,5443.285714285715,5529.966666666666,18.442857142857143,4.383928571428571
2023-06-15,5089.0,0,6,24,3,2,20.0,24.3,17.1,2.7,0,0,0.0,0.0,0.0,0.0,0.0,4734.0,5164.0,5393.0,5315.0,5432.571428571428,5522.433333333333,18.414285714285715,3.9928571428571433
2023-06-16,5488.0,0,6,24,4,2,20.7,25.4,17.1,0.2,0,0,0.0,0.0,0.0,0.0,0.0,5089.0,5076.0,5475.0,5025.0,5491.428571428572,5537.866666666667,18.642857142857142,3.2446428571428574
2023-06-17,6330.0,1,6,24,5,2,20.9,26.5,16.6,0.0,0,0,0.0,0.0,0.0,0.0,0.0,5488.0,6231.0,6305.0,4955.0,5505.571428571428,5583.7,19.2,2.467857142857143
2023-06-18,6186.0,1,6,24,6,2,21.6,27.0,16.9,0.0,0,0,0.0,0.0,0.0,0.0,0.0,6330.0,6443.0,6541.0,5461.0,5468.857142857143,5607.866666666667,19.714285714285715,2.4250000000000003
2023-06-19,5365.0,0,6,25,0,2,21.7,26.6,16.8,1.0,0,0,0.0,0.0,0.0,0.0,0.0,6186.0,5092.0,4955.0,6623.0,5507.857142857143,5565.933333333333,20.157142857142855,2.1107142857142858
2023-06-20,5545.0,0,6,25,1,2,21.2,26.6,17.2,0.7,0,0,0.0,0.0,0.0,0.0,0.0,5365.0,5363.0,4885.0,6741.0,5533.857142857143,5526.066666666667,20.542857142857144,1.4339285714285714
2023-06-21,5375.0,0,6,25,2,2,21.3,26.4,17.7,0.3,0,0,0.0,0.0,0.0,0.0,0.0,5545.0,4734.0,5154.0,5388.0,5625.428571428572,5525.633333333333,21.057142857142857,0.7000000000000001
2023-06-22,7658.125,0,6,25,3,2,20.4,24.5,17.0,3.2,0,0,0.0,0.0,0.0,0.0,0.0,5375.0,5089.0,5164.0,5078.0,5992.446428571428,5611.6375,21.114285714285717,0.7714285714285715
2023-06-23,7658.125,0,6,25,4,2,19.8,24.4,17.8,5.4375,0,0,0.0,0.0,0.0,0.0,0.0,7658.125,5488.0,5076.0,5460.0,6302.464285714285,5684.908333333334,20.985714285714288,1.519642857142857
2023-06-24,6561.0,1,6,25,5,2,20.0,25.5,16.8,5.4375,0,0,0.0,0.0,0.0,0.0,0.0,7658.125,6330.0,6231.0,5260.0,6335.464285714285,5728.275,20.857142857142858,2.2964285714285713
2023-06-25,6279.0,1,6,25,6,2,20.9,26.3,16.4,2.3,0,0,0.0,0.0,0.0,0.0,0.0,6561.0,6186.0,6443.0,5094.0,6348.75,5767.775,20.75714285714286,2.625
2023-06-26,5495.0,0,6,26,0,2,21.6,27.2,17.3,0.5,0,0,0.0,0.0,0.0,0.0,0.0,6279.0,5365.0,5092.0,6713.0,6367.321428571428,5727.175,20.74285714285714,2.5535714285714284
2023-06-27,5233.0,0,6,26,1,2,22.5,27.2,17.9,0.0,0,0,0.0,0.0,0.0,0.0,0.0,5495.0,5545.0,5363.0,6084.0,6322.75,5698.808333333333,20.928571428571427,2.4535714285714287
2023-06-28,5303.0,0,6,26,2,2,23.0,29.3,17.9,0.0,0,0,0.0,0.0,0.0,0.0,0.0,5233.0,5375.0,4734.0,5502.0,6312.464285714285,5692.175,21.17142857142857,2.4107142857142856
2023-06-29,5495.0,0,6,26,3,2,23.1,29.1,18.0,0.0,0,0,0.0,0.0,0.0,0.0,0.0,5303.0,7658.125,5089.0,5064.0,6003.446428571428,5706.541666666667,21.557142857142857,1.9535714285714287
2023-06-30,5290.0,0,6,26,4,2,23.2,29.1,17.6,0.0,0,0,0.0,0.0,0.0,0.0,0.0,5495.0,7658.125,5488.0,5325.0,5665.142857142857,5705.375,22.04285714285714,1.1767857142857143
2023-07-01,6459.0,1,7,26,5,3,23.8,29.8,18.1,0.0,0,0,0.0,0.0,0.0,0.0,0.0,5290.0,6561.0,6330.0,5393.0,5650.571428571428,5740.908333333334,22.585714285714285,0.4000000000000001
2023-07-02,6369.0,1,7,26,6,3,24.0,29.9,18.7,0.0,0,0,0.0,0.0,0.0,0.0,0.0,6459.0,6279.0,6186.0,5475.0,5663.428571428572,5770.708333333333,23.02857142857143,0.07142857142857155
2023-07-03,5337.0,0,7,27,0,3,24.0,29.8,19.3,0.1,0,0,0.0,0.0,0.0,0.0,0.0,6369.0,5495.0,5365.0,6305.0,5640.857142857143,5738.441666666667,23.37142857142857,0.014285714285714414
2023-07-04,5191.0,0,7,27,1,3,21.1,24.3,19.2,5.4375,0,0,0.0,0.0,0.0,0.0,0.0,5337.0,5233.0,5545.0,6541.0,5634.857142857143,5693.441666666667,23.17142857142857,0.7910714285714286
2023-07-05,5743.0,0,7,27,2,3,21.5,27.1,17.9,0.1,0,0,0.0,0.0,0.0,0.0,0.0,5191.0,5303.0,5375.0,4955.0,5697.714285714285,5719.708333333333,22.957142857142856,0.8053571428571429
2023-07-06,5121.0,0,7,27,3,3,22.0,26.5,18.2,0.9,0,0,0.0,0.0,0.0,0.0,0.0,5743.0,5495.0,7658.125,4885.0,5644.285714285715,5727.575,22.8,0.9339285714285716
2023-07-07,5214.0,0,7,27,4,3,22.4,27.3,18.2,0.3,0,0,0.0,0.0,0.0,0.0,0.0,5121.0,5290.0,7658.125,5154.0,5633.428571428572,5729.575,22.685714285714287,0.9767857142857144
2023-07-08,6524.0,1,7,27,5,3,22.2,27.1,18.2,0.0,0,0,0.0,0.0,0.0,0.0,0.0,5214.0,6459.0,6561.0,5164.0,5642.714285714285,5774.908333333334,22.457142857142856,0.9767857142857144
2023-07-09,6798.0,1,7,27,6,3,20.9,24.3,19.1,5.4375,0,0,0.0,0.0,0.0,0.0,0.0,6524.0,6369.0,6279.0,5076.0,5704.0,5832.308333333333,22.014285714285712,1.7535714285714286
2023-07-10,5558.0,0,7,28,0,3,21.5,26.0,18.4,0.4,0,0,0.0,0.0,0.0,0.0,0.0,6798.0,5337.0,5495.0,6231.0,5735.571428571428,5809.875,21.657142857142855,1.7964285714285715
2023-07-11,5801.0,0,7,28,1,3,21.2,25.6,18.2,0.5,0,0,0.0,0.0,0.0,0.0,0.0,5558.0,5191.0,5233.0,6443.0,5822.714285714285,5788.475,21.67142857142857,1.0910714285714287
2023-07-12,5106.0,0,7,28,2,3,21.1,25.1,18.2,3.5,0,0,0.0,0.0,0.0,0.0,0.0,5801.0,5743.0,5303.0,5092.0,5731.714285714285,5788.941666666667,21.614285714285717,1.5767857142857145
2023-07-13,5214.0,0,7,28,3,3,20.9,25.5,17.8,5.4375,0,0,0.0,0.0,0.0,0.0,0.0,5106.0,5121.0,5495.0,5363.0,5745.0,5783.975,21.457142857142856,2.225
2023-07-14,5625.0,0,7,28,4,3,21.1,27.2,17.6,5.4375,0,0,0.0,0.0,0.0,0.0,0.0,5214.0,5214.0,5290.0,4734.0,5803.714285714285,5813.675,21.271428571428572,2.9589285714285714
2023-07-15,6750.0,1,7,28,5,3,20.8,25.2,18.3,4.1,0,0,0.0,0.0,0.0,0.0,0.0,5625.0,6524.0,6459.0,5089.0,5836.0,5869.041666666667,21.071428571428573,3.544642857142857
2023-07-16,6480.0,1,7,28,6,3,22.1,27.4,18.1,0.0,0,0,0.0,0.0,0.0,0.0,0.0,6750.0,6798.0,6369.0,5488.0,5790.571428571428,5902.108333333334,21.242857142857144,2.767857142857143
2023-07-17,5442.0,0,7,29,0,3,22.6,27.8,17.9,0.0,0,0,0.0,0.0,0.0,0.0,0.0,6480.0,5558.0,5337.0,6330.0,5774.0,5872.508333333333,21.400000000000002,2.710714285714286
2023-07-18,5437.0,0,7,29,1,3,23.0,29.4,16.7,0.0,0,0,0.0,0.0,0.0,0.0,0.0,5442.0,5801.0,5191.0,6186.0,5722.0,5847.541666666667,21.657142857142862,2.6392857142857147
2023-07-19,5589.0,0,7,29,2,3,22.9,28.4,17.1,0.0,0,0,0.0,0.0,0.0,0.0,0.0,5437.0,5106.0,5743.0,5365.0,5791.0,5855.008333333333,21.914285714285715,2.1392857142857147
2023-07-20,5414.0,0,7,29,3,3,20.2,24.8,18.0,5.4375,0,0,0.0,0.0,0.0,0.0,0.0,5589.0,5214.0,5121.0,5545.0,5819.571428571428,5850.641666666666,21.814285714285713,2.1392857142857147
2023-07-21,5332.0,0,7,29,4,3,20.7,24.4,17.6,5.4375,0,0,0.0,0.0,0.0,0.0,0.0,5414.0,5625.0,5214.0,5375.0,5777.714285714285,5849.208333333333,21.757142857142856,2.1392857142857147
2023-07-22,6503.0,1,7,29,5,3,20.8,24.7,18.6,5.4375,0,0,0.0,0.0,0.0,0.0,0.0,5332.0,6750.0,6524.0,7658.125,5742.428571428572,5810.704166666666,21.75714285714286,2.330357142857143
2023-07-23,7141.0,1,7,29,6,3,21.0,25.5,17.5,0.8,0,0,0.0,0.0,0.0,0.0,0.0,6503.0,6480.0,6798.0,7658.125,5836.857142857143,5793.466666666666,21.599999999999998,2.444642857142857
2023-07-24,5235.0,0,7,30,0,3,21.5,26.6,18.1,0.9,0,0,0.0,0.0,0.0,0.0,0.0,7141.0,5442.0,5558.0,6561.0,5807.285714285715,5749.266666666666,21.442857142857143,2.573214285714286
2023-07-25,5344.0,0,7,30,1,3,21.3,25.7,18.1,0.1,0,0,0.0,0.0,0.0,0.0,0.0,5235.0,5437.0,5801.0,6279.0,5794.0,5718.1,21.2,2.5875
2023-07-26,5320.0,0,7,30,2,3,21.8,27.4,17.4,0.3,0,0,0.0,0.0,0.0,0.0,0.0,5344.0,5589.0,5106.0,5495.0,5755.571428571428,5712.266666666666,21.042857142857144,2.630357142857143
2023-07-27,5376.0,0,7,30,3,3,22.5,28.8,17.8,1.0,0,0,0.0,0.0,0.0,0.0,0.0,5320.0,5414.0,5214.0,5233.0,5750.142857142857,5717.033333333334,21.37142857142857,1.9964285714285717
2023-07-28,5037.0,0,7,30,4,3,21.1,25.5,19.2,5.4375,0,0,0.0,0.0,0.0,0.0,0.0,5376.0,5332.0,5625.0,5303.0,5708.0,5708.166666666667,21.428571428571427,1.9964285714285717
2023-07-29,5658.0,1,7,30,5,3,20.3,24.4,18.5,5.4375,0,0,0.0,0.0,0.0,0.0,0.0,5037.0,6503.0,6750.0,5495.0,5587.285714285715,5713.6,21.357142857142858,1.9964285714285717
2023-07-30,6362.0,1,7,30,6,3,21.2,25.1,18.6,5.4375,0,0,0.0,0.0,0.0,0.0,0.0,5658.0,7141.0,6480.0,5290.0,5476.0,5749.333333333333,21.385714285714283,2.6589285714285715
2023-07-31,4946.0,0,7,31,0,3,20.8,25.5,17.6,5.4375,0,0,0.0,0.0,0.0,0.0,0.0,6362.0,5235.0,5442.0,6459.0,5434.714285714285,5698.9,21.285714285714285,3.3071428571428574
2023-08-01,4923.0,0,8,31,1,3,20.4,24.0,17.9,5.4375,0,0,0.0,0.0,0.0,0.0,0.0,4946.0,5344.0,5437.0,6369.0,5374.571428571428,5650.7,21.157142857142855,4.069642857142857
2023-08-02,4854.0,0,8,31,2,3,20.5,25.1,18.3,5.4375,0,0,0.0,0.0,0.0,0.0,0.0,4923.0,5320.0,5589.0,5337.0,5308.0,5634.6,20.971428571428568,4.803571428571429
2023-08-03,4933.0,0,8,31,3,3,20.9,26.0,18.1,5.4375,0,0,0.0,0.0,0.0,0.0,0.0,4854.0,5376.0,5414.0,5191.0,5244.714285714285,5626.0,20.74285714285714,5.4375
2023-08-04,5059.0,0,8,31,4,3,20.6,24.6,18.4,5.4375,0,0,0.0,0.0,0.0,0.0,0.0,4933.0,5037.0,5332.0,5743.0,5247.857142857143,5603.2,20.67142857142857,5.4375
2023-08-05,6150.0,1,8,31,5,3,20.6,23.9,18.6,5.4375,0,0,0.0,0.0,0.0,0.0,0.0,5059.0,5658.0,6503.0,5121.0,5318.142857142857,5637.5,20.714285714285715,5.4375
2023-08-06,6321.0,1,8,31,6,3,19.9,22.2,18.7,5.4375,0,0,0.0,0.0,0.0,0.0,0.0,6150.0,6362.0,7141.0,5214.0,5312.285714285715,5674.4,20.52857142857143,5.4375
2023-08-07,5228.0,0,8,32,0,3,20.4,23.7,18.6,5.4375,0,0,0.0,0.0,0.0,0.0,0.0,6321.0,4946.0,5235.0,6524.0,5352.571428571428,5631.2,20.47142857142857,5.4375
2023-08-08,5207.0,0,8,32,1,3,21.1,25.0,17.9,5.4375,0,0,0.0,0.0,0.0,0.0,0.0,5228.0,4923.0,5344.0,6798.0,5393.142857142857,5578.166666666667,20.571428571428573,5.4375
2023-08-09,5385.0,0,8,32,2,3,21.0,25.7,18.0,5.4375,0,0,0.0,0.0,0.0,0.0,0.0,5207.0,4854.0,5320.0,5558.0,5469.0,5572.4,20.642857142857142,5.4375
2023-08-10,5234.0,0,8,32,3,3,21.3,25.1,18.3,5.0,0,0,0.0,0.0,0.0,0.0,0.0,5385.0,4933.0,5376.0,5801.0,5512.0,5553.5,20.7,5.375
2023-08-11,5326.0,0,8,32,4,3,21.7,27.1,17.8,0.5,0,0,0.0,0.0,0.0,0.0,0.0,5234.0,5059.0,5037.0,5106.0,5550.142857142857,5560.833333333333,20.857142857142858,4.669642857142857
2023-08-12,6120.0,1,8,32,5,3,20.2,22.9,18.7,5.4375,0,0,0.0,0.0,0.0,0.0,0.0,5326.0,6150.0,5658.0,5214.0,5545.857142857143,5591.033333333334,20.8,4.669642857142857
2023-08-13,6366.0,1,8,32,6,3,20.9,25.7,17.7,5.0,0,0,0.0,0.0,0.0,0.0,0.0,6120.0,6321.0,6362.0,5625.0,5552.285714285715,5615.733333333334,20.942857142857143,4.607142857142857
2023-08-14,5468.0,0,8,33,0,3,21.2,24.6,18.1,5.1,0,0,0.0,0.0,0.0,0.0,0.0,6366.0,5228.0,4946.0,6750.0,5586.571428571428,5573.0,21.057142857142857,4.558928571428572
2023-08-15,5106.0,0,8,33,1,3,20.9,24.8,18.1,2.3,0,0,0.0,0.0,0.0,0.0,0.0,5468.0,5207.0,4923.0,6480.0,5572.142857142857,5527.2,21.02857142857143,4.110714285714286
2023-08-16,5183.0,0,8,33,2,3,21.0,25.6,17.1,5.4375,0,0,0.0,0.0,0.0,0.0,0.0,5106.0,5385.0,4854.0,5442.0,5543.285714285715,5518.566666666667,21.02857142857143,4.110714285714286
2023-08-17,5653.0,0,8,33,3,3,21.5,26.3,18.1,5.4375,0,0,0.0,0.0,0.0,0.0,0.0,5183.0,5234.0,4933.0,5437.0,5603.142857142857,5525.766666666666,21.057142857142857,4.173214285714286
2023-08-18,5162.0,0,8,33,4,3,21.8,26.7,17.7,2.9,0,0,0.0,0.0,0.0,0.0,0.0,5653.0,5326.0,5059.0,5589.0,5579.714285714285,5511.533333333334,21.071428571428573,4.516071428571428
2023-08-19,6499.0,1,8,33,5,3,21.4,25.3,19.0,3.0,0,0,0.0,0.0,0.0,0.0,0.0,5162.0,6120.0,6150.0,5414.0,5633.857142857143,5547.7,21.24285714285714,4.167857142857144
2023-08-20,6442.0,1,8,33,6,3,21.3,25.9,17.9,1.0,0,0,0.0,0.0,0.0,0.0,0.0,6499.0,6366.0,6321.0,5332.0,5644.714285714285,5584.7,21.3,3.596428571428572
2023-08-21,5187.0,0,8,34,0,3,20.2,23.6,18.7,5.4375,0,0,0.0,0.0,0.0,0.0,0.0,6442.0,5468.0,5228.0,6503.0,5604.571428571428,5540.833333333333,21.157142857142855,3.6446428571428577
2023-08-22,5030.0,0,8,34,1,3,19.7,22.8,18.2,5.4375,0,0,0.0,0.0,0.0,0.0,0.0,5187.0,5106.0,5207.0,7141.0,5593.714285714285,5470.466666666666,20.985714285714288,4.0928571428571425
2023-08-23,5154.0,0,8,34,2,3,19.9,23.5,17.9,5.4375,0,0,0.0,0.0,0.0,0.0,0.0,5030.0,5183.0,5385.0,5235.0,5589.571428571428,5467.766666666666,20.82857142857143,4.0928571428571425
2023-08-24,5161.0,0,8,34,3,3,19.3,22.2,17.9,5.4375,0,0,0.0,0.0,0.0,0.0,0.0,5154.0,5653.0,5234.0,5344.0,5519.285714285715,5461.666666666667,20.514285714285712,4.0928571428571425
2023-08-25,5396.0,0,8,34,4,3,20.4,24.8,17.8,3.7,0,0,0.0,0.0,0.0,0.0,0.0,5161.0,5162.0,5326.0,5320.0,5552.714285714285,5464.2,20.314285714285713,4.207142857142857
2023-08-26,6689.0,1,8,34,5,3,21.0,25.6,17.8,0.3,0,0,0.0,0.0,0.0,0.0,0.0,5396.0,6499.0,6120.0,5376.0,5579.857142857143,5507.966666666666,20.25714285714286,3.821428571428572
2023-08-27,6874.0,1,8,34,6,3,20.6,26.5,17.8,5.4375,0,0,0.0,0.0,0.0,0.0,0.0,6689.0,6442.0,6366.0,5037.0,5641.571428571428,5569.2,20.157142857142855,4.455357142857143
2023-08-28,5149.0,0,8,35,0,3,19.0,20.7,17.8,5.4375,0,0,0.0,0.0,0.0,0.0,0.0,6874.0,5187.0,5468.0,5658.0,5636.142857142857,5552.233333333334,19.985714285714288,4.455357142857143
2023-08-29,5712.0,0,8,35,1,3,19.7,24.1,16.7,0.7,0,0,0.0,0.0,0.0,0.0,0.0,5149.0,5030.0,5106.0,6362.0,5733.571428571428,5530.566666666667,19.985714285714288,3.778571428571429
2023-08-30,5329.0,0,8,35,2,3,19.0,21.4,17.9,5.4375,0,0,0.0,0.0,0.0,0.0,0.0,5712.0,5154.0,5183.0,4946.0,5758.571428571428,5543.333333333333,19.857142857142858,3.778571428571429
2023-08-31,5389.0,0,8,35,3,3,19.8,24.9,17.5,3.7,0,0,0.0,0.0,0.0,0.0,0.0,5329.0,5161.0,5653.0,4923.0,5791.142857142857,5558.866666666667,19.928571428571427,3.530357142857143
2023-09-01,4936.0,0,9,35,4,3,19.5,23.1,17.7,5.4375,0,0,0.0,0.0,0.0,0.0,0.0,5389.0,5396.0,5162.0,4854.0,5725.428571428572,5561.6,19.8,3.778571428571429
2023-09-02,6150.0,1,9,35,5,3,17.9,19.1,17.0,5.4375,0,0,0.0,0.0,0.0,0.0,0.0,4936.0,6689.0,6499.0,4933.0,5648.428571428572,5602.166666666667,19.357142857142858,4.5125
2023-09-03,6156.0,1,9,35,6,3,19.8,25.1,15.2,0.2,0,0,0.0,0.0,0.0,0.0,0.0,6150.0,6874.0,6442.0,5059.0,5545.857142857143,5638.733333333334,19.242857142857144,3.7642857142857147
2023-09-04,5397.0,0,9,36,0,3,20.3,24.7,16.5,0.0,0,0,0.0,0.0,0.0,0.0,0.0,6156.0,5149.0,5187.0,6150.0,5581.285714285715,5613.633333333333,19.428571428571427,2.9875000000000003
2023-09-05,5244.0,0,9,36,1,3,20.0,24.3,16.5,0.5,0,0,0.0,0.0,0.0,0.0,0.0,5397.0,5712.0,5030.0,6321.0,5514.428571428572,5577.733333333334,19.47142857142857,2.958928571428572
2023-09-06,5517.0,0,9,36,2,3,19.8,25.2,16.1,2.5,0,0,0.0,0.0,0.0,0.0,0.0,5244.0,5329.0,5154.0,5228.0,5541.285714285715,5587.366666666667,19.585714285714285,2.5392857142857146
2023-09-07,5362.0,0,9,36,3,3,19.9,24.0,17.2,4.4,0,0,0.0,0.0,0.0,0.0,0.0,5517.0,5389.0,5161.0,5207.0,5537.428571428572,5592.533333333334,19.599999999999998,2.6392857142857147
2023-09-08,4982.0,0,9,36,4,3,20.3,24.4,17.1,2.7,0,0,0.0,0.0,0.0,0.0,0.0,5362.0,4936.0,5396.0,5385.0,5544.0,5579.1,19.714285714285715,2.248214285714286
2023-09-09,6351.0,1,9,36,5,3,20.1,24.9,16.9,5.4375,0,0,0.0,0.0,0.0,0.0,0.0,4982.0,6150.0,6689.0,5234.0,5572.714285714285,5616.333333333333,20.02857142857143,2.248214285714286
2023-09-10,6604.0,1,9,36,6,3,20.2,24.0,17.5,3.0,0,0,0.0,0.0,0.0,0.0,0.0,6351.0,6156.0,6874.0,5326.0,5636.714285714285,5658.933333333333,20.085714285714285,2.648214285714286
2023-09-11,5028.0,0,9,37,0,3,20.9,25.9,17.1,0.7,0,0,0.0,0.0,0.0,0.0,0.0,6604.0,5397.0,5149.0,6120.0,5584.0,5622.533333333334,20.17142857142857,2.7482142857142864
2023-09-12,5395.0,0,9,37,1,3,20.0,24.4,17.9,5.4375,0,0,0.0,0.0,0.0,0.0,0.0,5028.0,5244.0,5712.0,6366.0,5605.571428571428,5590.166666666667,20.17142857142857,3.453571428571429
2023-09-13,4773.0,0,9,37,2,3,18.2,20.1,16.4,5.4375,0,0,0.0,0.0,0.0,0.0,0.0,5395.0,5517.0,5329.0,5468.0,5499.285714285715,5567.0,19.942857142857143,3.8732142857142864
2023-09-14,5261.0,0,9,37,3,3,19.3,24.4,15.8,0.0,0,0,0.0,0.0,0.0,0.0,0.0,4773.0,5362.0,5389.0,5106.0,5484.857142857143,5572.166666666667,19.857142857142858,3.2446428571428574
2023-09-15,5421.0,0,9,37,4,3,20.5,25.6,16.3,0.0,0,0,0.0,0.0,0.0,0.0,0.0,5261.0,4982.0,4936.0,5183.0,5547.571428571428,5580.1,19.885714285714283,2.8589285714285717
2023-09-16,6542.0,1,9,37,5,3,21.1,26.3,16.1,0.0,0,0,0.0,0.0,0.0,0.0,0.0,5421.0,6351.0,6150.0,5653.0,5574.857142857143,5609.733333333334,20.02857142857143,2.0821428571428577
2023-09-17,6478.0,1,9,37,6,3,20.9,27.3,15.6,0.0,0,0,0.0,0.0,0.0,0.0,0.0,6542.0,6604.0,6156.0,5162.0,5556.857142857143,5653.6,20.12857142857143,1.653571428571429
2023-09-18,5648.0,0,9,38,0,3,20.1,24.2,16.3,1.8,0,0,0.0,0.0,0.0,0.0,0.0,6478.0,5028.0,5397.0,6499.0,5645.428571428572,5625.233333333334,20.014285714285712,1.8107142857142862
2023-09-19,5597.0,0,9,38,1,3,20.3,25.5,16.9,0.0,0,0,0.0,0.0,0.0,0.0,0.0,5648.0,5395.0,5244.0,6442.0,5674.285714285715,5597.066666666667,20.057142857142857,1.0339285714285718
2023-09-20,5453.0,0,9,38,2,3,20.4,25.8,17.2,0.3,0,0,0.0,0.0,0.0,0.0,0.0,5597.0,4773.0,5517.0,5187.0,5771.428571428572,5605.933333333333,20.37142857142857,0.30000000000000027
2023-09-21,5542.0,0,9,38,3,3,20.3,25.0,17.2,0.2,0,0,0.0,0.0,0.0,0.0,0.0,5453.0,5261.0,5362.0,5030.0,5811.571428571428,5623.0,20.514285714285712,0.3285714285714288
2023-09-22,5200.0,0,9,38,4,3,20.3,24.6,17.0,0.7,0,0,0.0,0.0,0.0,0.0,0.0,5542.0,5421.0,4982.0,5154.0,5780.0,5624.533333333334,20.485714285714288,0.4285714285714288
2023-09-23,6484.0,1,9,38,5,3,20.6,25.3,17.1,0.0,0,0,0.0,0.0,0.0,0.0,0.0,5200.0,6542.0,6351.0,5161.0,5771.714285714285,5668.633333333333,20.414285714285715,0.4285714285714288
2023-09-24,6434.0,1,9,38,6,3,20.8,26.0,17.1,0.0,0,0,0.0,0.0,0.0,0.0,0.0,6484.0,6478.0,6604.0,5396.0,5765.428571428572,5703.233333333334,20.400000000000002,0.4285714285714288
2023-09-25,5734.0,0,9,39,0,3,20.8,26.5,16.8,0.0,0,0,0.0,0.0,0.0,0.0,0.0,6434.0,5648.0,5028.0,6689.0,5777.714285714285,5671.4,20.5,0.17142857142857168
2023-09-26,5342.0,0,9,39,1,3,19.9,24.4,15.3,1.3,0,0,0.0,0.0,0.0,0.0,0.0,5734.0,5597.0,5395.0,6874.0,5741.285714285715,5620.333333333333,20.442857142857143,0.3571428571428574
2023-09-27,5374.0,0,9,39,2,3,19.8,25.0,16.4,5.4375,0,0,0.0,0.0,0.0,0.0,0.0,5342.0,5453.0,4773.0,5149.0,5730.0,5627.833333333333,20.357142857142858,1.091071428571429
2023-09-28,4990.0,0,9,39,3,3,18.9,22.9,16.1,5.4375,0,0,0.0,0.0,0.0,0.0,0.0,5374.0,5542.0,5261.0,5712.0,5651.142857142857,5603.766666666666,20.157142857142855,1.8392857142857146
2023-09-29,7658.125,0,9,39,4,3,19.0,23.2,15.9,5.1,0,0,0.0,0.0,0.0,0.0,0.0,4990.0,5200.0,5421.0,5329.0,6002.303571428572,5681.404166666666,19.97142857142857,2.467857142857143
2023-09-30,6485.0,1,9,39,5,3,19.8,24.6,15.6,4.1,0,0,0.0,0.0,0.0,0.0,0.0,7658.125,6484.0,6542.0,5389.0,6002.446428571428,5717.9375,19.857142857142858,3.0535714285714284
2023-10-01,7658.125,1,10,39,6,4,20.2,25.1,16.6,0.8,0,0,0.0,0.0,0.0,0.0,0.0,6485.0,6434.0,6478.0,4936.0,6177.321428571428,5808.675,19.771428571428572,3.167857142857143
2023-10-02,7658.125,0,10,40,0,4,20.6,25.8,16.9,0.2,0,0,0.0,0.0,0.0,0.0,0.0,7658.125,5734.0,5648.0,6150.0,6452.196428571428,5858.945833333333,19.74285714285714,3.196428571428572
2023-10-03,7658.125,0,10,40,1,4,20.5,25.4,16.8,0.1,0,0,0.0,0.0,0.0,0.0,0.0,7658.125,5342.0,5597.0,6156.0,6783.071428571428,5909.016666666666,19.828571428571426,3.025
2023-10-04,7658.125,0,10,40,2,4,20.5,25.3,16.7,0.0,0,0,0.0,0.0,0.0,0.0,0.0,7658.125,5374.0,5453.0,5397.0,7109.375,5984.3875,19.928571428571427,2.248214285714286
2023-10-05,7658.125,0,10,40,3,4,20.2,25.0,16.7,0.3,0,0,0.0,0.0,0.0,0.0,0.0,7658.125,4990.0,5542.0,5244.0,7490.535714285715,6064.858333333334,20.114285714285717,1.5142857142857145
2023-10-06,7658.125,0,10,40,4,4,20.2,24.8,16.6,0.1,0,0,0.0,0.0,0.0,0.0,0.0,7658.125,7658.125,5200.0,5517.0,7490.535714285715,6136.229166666667,20.285714285714285,0.8000000000000002
2023-10-07,6159.0,1,10,40,5,4,18.1,21.3,16.5,5.4375,0,0,0.0,0.0,0.0,0.0,0.0,7658.125,6485.0,6484.0,5362.0,7443.964285714285,6162.795833333334,20.04285714285714,0.9910714285714288
2023-10-08,6168.0,1,10,40,6,4,16.7,18.8,15.5,5.4375,0,0,0.0,0.0,0.0,0.0,0.0,6159.0,7658.125,6434.0,4982.0,7231.089285714285,6202.329166666666,19.542857142857144,1.653571428571429
2023-10-09,5239.0,0,10,41,0,4,17.8,21.6,15.7,5.4375,0,0,0.0,0.0,0.0,0.0,0.0,6168.0,7658.125,5734.0,6351.0,6885.5,6165.2625,19.142857142857142,2.4017857142857144
2023-10-10,5210.0,0,10,41,1,4,17.0,19.3,15.5,5.4375,0,0,0.0,0.0,0.0,0.0,0.0,5239.0,7658.125,5342.0,6604.0,6535.767857142857,6118.795833333334,18.642857142857142,3.1642857142857146
2023-10-11,5506.0,0,10,41,2,4,17.3,20.0,15.7,3.0,0,0,0.0,0.0,0.0,0.0,0.0,5210.0,7658.125,5374.0,5028.0,6228.321428571428,6134.729166666667,18.185714285714287,3.592857142857143
2023-10-12,4726.0,0,10,41,3,4,17.1,18.8,15.9,5.4375,0,0,0.0,0.0,0.0,0.0,0.0,5506.0,7658.125,4990.0,5395.0,5809.446428571428,6112.429166666667,17.74285714285714,4.326785714285714
2023-10-13,5143.0,0,10,41,4,4,16.2,17.7,14.3,5.4375,0,0,0.0,0.0,0.0,0.0,0.0,4726.0,7658.125,7658.125,4773.0,5450.142857142857,6124.7625,17.17142857142857,5.089285714285714
2023-10-14,6403.0,1,10,41,5,4,16.4,20.5,13.6,1.3,0,0,0.0,0.0,0.0,0.0,0.0,5143.0,6159.0,6485.0,5261.0,5485.0,6162.829166666666,16.928571428571427,4.498214285714286
2023-10-15,6053.0,1,10,41,6,4,16.3,20.9,13.0,2.3,0,0,0.0,0.0,0.0,0.0,0.0,6403.0,6168.0,7658.125,5421.0,5468.571428571428,6183.895833333333,16.871428571428574,4.05
2023-10-16,5344.0,0,10,42,0,4,17.2,23.0,12.7,0.0,0,0,0.0,0.0,0.0,0.0,0.0,6053.0,5239.0,7658.125,6542.0,5483.571428571428,6143.9625,16.785714285714285,3.273214285714286
2023-10-17,5382.0,0,10,42,1,4,16.7,21.9,12.3,0.0,0,0,0.0,0.0,0.0,0.0,0.0,5344.0,5210.0,7658.125,6478.0,5508.142857142857,6107.429166666667,16.74285714285714,2.4964285714285714
2023-10-18,5262.0,0,10,42,2,4,16.6,21.9,11.8,0.0,0,0,0.0,0.0,0.0,0.0,0.0,5382.0,5506.0,7658.125,5648.0,5473.285714285715,6094.5625,16.642857142857142,2.067857142857143
2023-10-19,5151.0,0,10,42,3,4,16.7,23.2,11.1,0.0,0,0,0.0,0.0,0.0,0.0,0.0,5262.0,4726.0,7658.125,5597.0,5534.0,6079.695833333333,16.585714285714285,1.2910714285714289
2023-10-20,4987.0,0,10,42,4,4,16.2,21.5,12.4,0.4,0,0,0.0,0.0,0.0,0.0,0.0,5151.0,5143.0,7658.125,5453.0,5511.714285714285,6064.1625,16.585714285714285,0.5714285714285717
2023-10-21,6097.0,1,10,42,5,4,16.2,22.0,11.2,0.0,0,0,0.0,0.0,0.0,0.0,0.0,4987.0,6403.0,6159.0,5542.0,5468.0,6082.6625,16.557142857142857,0.38571428571428595
2023-10-22,6232.0,1,10,42,6,4,16.2,22.1,10.6,0.0,0,0,0.0,0.0,0.0,0.0,0.0,6097.0,6053.0,6168.0,5200.0,5493.571428571428,6117.0625,16.54285714285714,0.0571428571428574
2023-10-23,5102.0,0,10,43,0,4,16.7,22.9,11.5,0.0,0,0,0.0,0.0,0.0,0.0,0.0,6232.0,5344.0,5239.0,6484.0,5459.0,6070.995833333333,16.47142857142857,0.0571428571428574
2023-10-24,5436.0,0,10,43,1,4,16.6,20.5,14.4,3.0,0,0,0.0,0.0,0.0,0.0,0.0,5102.0,5382.0,5210.0,6434.0,5466.714285714285,6037.729166666667,16.457142857142856,0.48571428571428593
2023-10-25,5286.0,0,10,43,2,4,17.1,21.0,14.7,2.4,0,0,0.0,0.0,0.0,0.0,0.0,5436.0,5262.0,5506.0,5734.0,5470.142857142857,6022.795833333334,16.52857142857143,0.8285714285714288
2023-10-26,4957.0,0,10,43,3,4,16.9,22.3,13.7,0.1,0,0,0.0,0.0,0.0,0.0,0.0,5286.0,5151.0,4726.0,5342.0,5442.428571428572,6009.9625,16.557142857142857,0.8428571428571431
2023-10-27,5364.0,0,10,43,4,4,16.3,21.5,12.0,0.0,0,0,0.0,0.0,0.0,0.0,0.0,4957.0,4987.0,5143.0,5374.0,5496.285714285715,6009.629166666667,16.571428571428573,0.7857142857142858
2023-10-28,6353.0,1,10,43,5,4,15.6,21.0,10.8,0.0,0,0,0.0,0.0,0.0,0.0,0.0,5364.0,6097.0,6403.0,4990.0,5532.857142857143,6055.0625,16.485714285714288,0.7857142857142858
2023-10-29,6284.0,1,10,43,6,4,15.0,20.8,10.5,0.0,0,0,0.0,0.0,0.0,0.0,0.0,6353.0,6232.0,6053.0,7658.125,5540.285714285715,6009.258333333333,16.314285714285713,0.7857142857142858
2023-10-30,5331.0,0,10,44,0,4,15.9,21.6,12.2,0.0,0,0,0.0,0.0,0.0,0.0,0.0,6284.0,5102.0,5344.0,6485.0,5573.0,5970.791666666667,16.2,0.7857142857142858
2023-10-31,5396.0,0,10,44,1,4,15.8,21.5,11.0,0.0,0,0,0.0,0.0,0.0,0.0,0.0,5331.0,5436.0,5382.0,7658.125,5567.285714285715,5895.3875,16.085714285714285,0.3571428571428574
2023-11-01,5420.0,0,11,44,2,4,16.6,22.5,12.0,0.0,0,0,0.0,0.0,0.0,0.0,0.0,5396.0,5286.0,5262.0,7658.125,5586.428571428572,5820.783333333334,16.014285714285712,0.01428571428571454
2023-11-02,5443.0,0,11,44,3,4,16.1,21.2,12.2,0.0,0,0,0.0,0.0,0.0,0.0,0.0,5420.0,4957.0,5151.0,7658.125,5655.857142857143,5746.945833333333,15.900000000000002,0.0
2023-11-03,5401.0,0,11,44,4,4,15.6,21.6,10.4,0.0,0,0,0.0,0.0,0.0,0.0,0.0,5443.0,5364.0,4987.0,7658.125,5661.142857142857,5671.708333333333,15.799999999999999,0.0
2023-11-04,6411.0,1,11,44,5,4,15.2,20.1,10.5,0.0,0,0,0.0,0.0,0.0,0.0,0.0,5401.0,6353.0,6097.0,7658.125,5669.428571428572,5630.1375,15.742857142857144,0.0
2023-11-05,6356.0,1,11,44,6,4,14.9,20.7,10.2,0.0,0,0,0.0,0.0,0.0,0.0,0.0,6411.0,6284.0,6232.0,7658.125,5679.714285714285,5586.733333333334,15.728571428571428,0.0
2023-11-06,5132.0,0,11,45,0,4,14.9,21.1,10.3,0.0,0,0,0.0,0.0,0.0,0.0,0.0,6356.0,5331.0,5102.0,6159.0,5651.285714285715,5552.5,15.585714285714285,0.0
2023-11-07,5271.0,0,11,45,1,4,14.8,20.3,9.9,0.0,0,0,0.0,0.0,0.0,0.0,0.0,5132.0,5396.0,5436.0,6168.0,5633.428571428572,5522.6,15.442857142857141,0.0
2023-11-08,5247.0,0,11,45,2,4,14.4,20.0,9.9,0.0,0,0,0.0,0.0,0.0,0.0,0.0,5271.0,5420.0,5286.0,5239.0,5608.714285714285,5522.866666666667,15.12857142857143,0.0
2023-11-09,4861.0,0,11,45,3,4,13.9,19.7,8.9,0.0,0,0,0.0,0.0,0.0,0.0,0.0,5247.0,5443.0,4957.0,5210.0,5525.571428571428,5511.233333333334,14.814285714285715,0.0
2023-11-10,4952.0,0,11,45,4,4,13.7,19.7,8.6,0.0,0,0,0.0,0.0,0.0,0.0,0.0,4861.0,5401.0,5364.0,5506.0,5461.428571428572,5492.766666666666,14.542857142857143,0.0
2023-11-11,5928.0,1,11,45,5,4,14.2,21.0,9.1,0.0,0,0,0.0,0.0,0.0,0.0,0.0,4952.0,6411.0,6353.0,4726.0,5392.428571428572,5532.833333333333,14.4,0.0
2023-11-12,6077.0,1,11,45,6,4,14.3,20.8,9.1,0.0,0,0,0.0,0.0,0.0,0.0,0.0,5928.0,6356.0,6284.0,5143.0,5352.571428571428,5563.966666666666,14.314285714285715,0.0
2023-11-13,5336.0,0,11,46,0,4,14.4,20.4,9.3,0.0,0,0,0.0,0.0,0.0,0.0,0.0,6077.0,5132.0,5331.0,6403.0,5381.714285714285,5528.4,14.242857142857144,0.0
2023-11-14,5276.0,0,11,46,1,4,15.3,21.7,9.6,0.0,0,0,0.0,0.0,0.0,0.0,0.0,5336.0,5271.0,5396.0,6053.0,5382.428571428572,5502.5,14.314285714285715,0.0
2023-11-15,5069.0,0,11,46,2,4,15.6,21.6,11.5,0.0,0,0,0.0,0.0,0.0,0.0,0.0,5276.0,5247.0,5420.0,5344.0,5357.0,5493.333333333333,14.485714285714286,0.0
2023-11-16,5101.0,0,11,46,3,4,12.7,14.3,9.9,0.1,0,0,0.0,0.0,0.0,0.0,0.0,5069.0,4861.0,5443.0,5382.0,5391.285714285715,5483.966666666666,14.314285714285713,0.01428571428571454
2023-11-17,4743.0,0,11,46,4,4,9.7,10.7,8.7,5.4375,0,0,0.0,0.0,0.0,0.0,0.0,5101.0,4952.0,5401.0,5262.0,5361.428571428572,5466.666666666667,13.742857142857144,0.7910714285714288
2023-11-18,5651.0,1,11,46,5,4,10.6,12.0,9.9,5.4375,0,0,0.0,0.0,0.0,0.0,0.0,4743.0,5928.0,6411.0,5151.0,5321.857142857143,5483.333333333333,13.228571428571428,1.567857142857143
2023-11-19,5944.0,1,11,46,6,4,11.4,16.5,8.3,0.0,0,0,0.0,0.0,0.0,0.0,0.0,5651.0,6077.0,6356.0,4987.0,5302.857142857143,5515.233333333334,12.814285714285715,1.567857142857143
2023-11-20,5039.0,0,11,47,0,4,11.9,19.1,7.4,0.0,0,0,0.0,0.0,0.0,0.0,0.0,5944.0,5336.0,5132.0,6097.0,5260.428571428572,5479.966666666666,12.457142857142857,1.567857142857143
2023-11-21,5182.0,0,11,47,1,4,11.8,18.2,7.1,0.0,0,0,0.0,0.0,0.0,0.0,0.0,5039.0,5276.0,5271.0,6232.0,5247.0,5444.966666666666,11.957142857142857,1.567857142857143
2023-11-22,5145.0,0,11,47,2,4,13.3,19.3,8.7,0.0,0,0,0.0,0.0,0.0,0.0,0.0,5182.0,5069.0,5247.0,5102.0,5257.857142857143,5446.4,11.628571428571428,1.567857142857143
2023-11-23,5201.0,0,11,47,3,4,12.1,17.9,8.6,0.0,0,0,0.0,0.0,0.0,0.0,0.0,5145.0,5101.0,4861.0,5436.0,5272.142857142857,5438.566666666667,11.542857142857144,1.5535714285714288
2023-11-24,5409.0,0,11,47,4,4,12.1,18.7,7.6,0.0,0,0,0.0,0.0,0.0,0.0,0.0,5201.0,4743.0,4952.0,5286.0,5367.285714285715,5442.666666666667,11.885714285714286,0.7767857142857145
2023-11-25,6324.0,1,11,47,5,4,12.5,18.4,8.0,0.0,0,0,0.0,0.0,0.0,0.0,0.0,5409.0,5651.0,5928.0,4957.0,5463.428571428572,5488.233333333334,12.157142857142857,0.0
2023-11-26,6343.0,1,11,47,6,4,12.4,17.6,7.9,0.0,0,0,0.0,0.0,0.0,0.0,0.0,6324.0,5944.0,6077.0,5364.0,5520.428571428572,5520.866666666667,12.3,0.0
2023-11-27,4954.0,0,11,48,0,4,12.0,18.5,8.3,0.0,0,0,0.0,0.0,0.0,0.0,0.0,6343.0,5039.0,5336.0,6353.0,5508.285714285715,5474.233333333334,12.314285714285715,0.0
2023-11-28,5419.0,0,11,48,1,4,12.2,19.3,7.5,0.0,0,0,0.0,0.0,0.0,0.0,0.0,4954.0,5182.0,5276.0,6284.0,5542.142857142857,5445.4,12.37142857142857,0.0
2023-11-29,5104.0,0,11,48,2,4,12.4,18.5,7.9,0.0,0,0,0.0,0.0,0.0,0.0,0.0,5419.0,5145.0,5069.0,5331.0,5536.285714285715,5437.833333333333,12.242857142857144,0.0
2023-11-30,5198.0,0,11,48,3,4,13.3,19.7,8.9,0.0,0,0,0.0,0.0,0.0,0.0,0.0,5104.0,5201.0,5101.0,5396.0,5535.857142857143,5431.233333333334,12.414285714285713,0.0
2023-12-01,4658.0,0,12,48,4,4,13.2,19.5,7.8,0.0,0,0,0.0,0.0,0.0,0.0,0.0,5198.0,5409.0,4743.0,5420.0,5428.571428571428,5405.833333333333,12.571428571428571,0.0
2023-12-02,6051.0,1,12,48,5,4,13.3,19.8,8.9,0.0,0,0,0.0,0.0,0.0,0.0,0.0,4658.0,6324.0,5651.0,5443.0,5389.571428571428,5426.1,12.685714285714285,0.0
2023-12-03,6205.0,1,12,48,6,4,12.9,17.6,9.7,0.0,0,0,0.0,0.0,0.0,0.0,0.0,6051.0,6343.0,5944.0,5401.0,5369.857142857143,5452.9,12.757142857142856,0.0
2023-12-04,4927.0,0,12,49,0,4,12.5,18.1,8.9,0.0,0,0,0.0,0.0,0.0,0.0,0.0,6205.0,4954.0,5039.0,6411.0,5366.0,5403.433333333333,12.828571428571427,0.0
2023-12-05,5025.0,0,12,49,1,4,12.6,17.5,8.8,0.0,0,0,0.0,0.0,0.0,0.0,0.0,4927.0,5419.0,5182.0,6356.0,5309.714285714285,5359.066666666667,12.885714285714286,0.0
2023-12-06,4940.0,0,12,49,2,4,11.5,14.9,7.8,0.4,0,0,0.0,0.0,0.0,0.0,0.0,5025.0,5104.0,5145.0,5132.0,5286.285714285715,5352.666666666667,12.757142857142856,0.0571428571428574
2023-12-07,5289.0,0,12,49,3,4,11.0,12.6,9.6,2.8,0,0,0.0,0.0,0.0,0.0,0.0,4940.0,5198.0,5201.0,5271.0,5299.285714285715,5353.266666666666,12.428571428571429,0.45714285714285735
2023-12-08,4915.0,0,12,49,4,4,12.3,15.7,10.6,4.4,0,0,0.0,0.0,0.0,0.0,0.0,5289.0,4658.0,5409.0,5247.0,5336.0,5342.2,12.299999999999999,1.0857142857142859
2023-12-09,5993.0,1,12,49,5,4,13.3,18.0,10.5,0.0,0,0,0.0,0.0,0.0,0.0,0.0,4915.0,6051.0,6324.0,4861.0,5327.714285714285,5379.933333333333,12.3,1.0857142857142859
2023-12-10,6197.0,1,12,49,6,4,11.7,17.0,8.1,0.0,0,0,0.0,0.0,0.0,0.0,0.0,5993.0,6205.0,6343.0,4952.0,5326.571428571428,5421.433333333333,12.12857142857143,1.0857142857142859
2023-12-11,4871.0,0,12,50,0,4,11.2,17.0,6.4,0.0,0,0,0.0,0.0,0.0,0.0,0.0,6197.0,4927.0,4954.0,5928.0,5318.571428571428,5386.2,11.942857142857141,1.0857142857142859
2023-12-12,5237.0,0,12,50,1,4,10.6,16.8,5.3,0.0,0,0,0.0,0.0,0.0,0.0,0.0,4871.0,5025.0,5419.0,6077.0,5348.857142857143,5358.2,11.657142857142858,1.0857142857142859
2023-12-13,4844.0,0,12,50,2,4,11.7,15.7,9.3,1.2,0,0,0.0,0.0,0.0,0.0,0.0,5237.0,4940.0,5104.0,5336.0,5335.142857142857,5341.8,11.685714285714285,1.2
2023-12-14,5103.0,0,12,50,3,4,11.5,14.7,9.6,0.4,0,0,0.0,0.0,0.0,0.0,0.0,4844.0,5289.0,5198.0,5276.0,5308.571428571428,5336.033333333334,11.757142857142856,0.8571428571428574
2023-12-15,4877.0,0,12,50,4,4,11.0,16.3,7.0,0.0,0,0,0.0,0.0,0.0,0.0,0.0,5103.0,4915.0,4658.0,5069.0,5303.142857142857,5329.633333333333,11.571428571428571,0.22857142857142884
2023-12-16,6100.0,1,12,50,5,4,10.5,16.4,5.4,0.0,0,0,0.0,0.0,0.0,0.0,0.0,4877.0,5993.0,6051.0,5101.0,5318.428571428572,5362.933333333333,11.171428571428569,0.22857142857142884
2023-12-17,6273.0,1,12,50,6,4,11.1,16.4,7.6,0.0,0,0,0.0,0.0,0.0,0.0,0.0,6100.0,6197.0,6205.0,4743.0,5329.285714285715,5413.933333333333,11.085714285714287,0.22857142857142884
2023-12-18,4950.0,0,12,51,0,4,11.1,16.4,7.6,0.0,0,0,0.0,0.0,0.0,0.0,0.0,6273.0,4871.0,4927.0,5651.0,5340.571428571428,5390.566666666667,11.071428571428571,0.22857142857142884
2023-12-19,5329.0,0,12,51,1,4,10.9,16.7,6.7,0.0,0,0,0.0,0.0,0.0,0.0,0.0,4950.0,5237.0,5025.0,5944.0,5353.714285714285,5370.066666666667,11.114285714285714,0.22857142857142884
2023-12-20,5296.0,0,12,51,2,4,9.9,16.8,4.7,0.0,0,0,0.0,0.0,0.0,0.0,0.0,5329.0,4844.0,4940.0,5039.0,5418.285714285715,5378.633333333333,10.857142857142858,0.0571428571428574
2023-12-21,4977.0,0,12,51,3,4,9.9,16.7,4.5,0.0,0,0,0.0,0.0,0.0,0.0,0.0,5296.0,5103.0,5289.0,5182.0,5400.285714285715,5371.8,10.62857142857143,0.0
2023-12-22,5058.0,0,12,51,4,4,10.1,16.0,6.1,0.1,0,0,0.0,0.0,0.0,0.0,0.0,4977.0,4877.0,4915.0,5145.0,5426.142857142857,5368.9,10.5,0.01428571428571454
2023-12-23,5913.0,1,12,51,5,4,10.7,15.5,8.3,0.5,0,0,0.0,0.0,0.0,0.0,0.0,5058.0,6100.0,5993.0,5201.0,5399.428571428572,5392.633333333333,10.528571428571428,0.08571428571428596
2023-12-24,6409.0,1,12,51,6,4,10.1,13.1,8.2,0.6,0,0,0.0,0.0,0.0,0.0,0.0,5913.0,6273.0,6197.0,5409.0,5418.857142857143,5425.966666666666,10.385714285714286,0.17142857142857168
2023-12-25,5118.0,0,12,52,0,4,8.4,9.6,6.7,5.4375,0,0,0.0,0.0,0.0,0.0,0.0,6409.0,4950.0,4871.0,6324.0,5442.857142857143,5385.766666666666,10.0,0.948214285714286
2023-12-26,5081.0,0,12,52,1,4,8.6,13.3,5.7,0.0,0,0,0.0,0.0,0.0,0.0,0.0,5118.0,5329.0,5237.0,6343.0,5407.428571428572,5343.7,9.671428571428569,0.948214285714286
2023-12-27,5238.0,0,12,52,2,4,8.7,14.7,4.9,0.0,0,0,0.0,0.0,0.0,0.0,0.0,5081.0,5296.0,4844.0,4954.0,5399.142857142857,5353.166666666667,9.5,0.948214285714286
2023-12-28,5027.0,0,12,52,3,4,9.2,14.6,4.6,0.0,0,0,0.0,0.0,0.0,0.0,0.0,5238.0,4977.0,5103.0,5419.0,5406.285714285715,5340.1,9.4,0.948214285714286
2023-12-29,4904.0,0,12,52,4,4,9.2,14.8,4.5,0.0,0,0,0.0,0.0,0.0,0.0,0.0,5027.0,5058.0,4877.0,5104.0,5384.285714285715,5333.433333333333,9.27142857142857,0.9339285714285718
2023-12-30,6240.0,1,12,52,5,4,9.1,14.9,5.3,0.0,0,0,0.0,0.0,0.0,0.0,0.0,4904.0,5913.0,6100.0,5198.0,5431.0,5368.166666666667,9.042857142857143,0.8625000000000004
2023-12-31,5661.0,1,12,52,6,4,9.1,15.6,3.7,0.0,0,0,0.0,0.0,0.0,0.0,0.0,6240.0,6409.0,6273.0,4658.0,5324.142857142857,5401.6,8.9,0.7767857142857145
2024-01-01,7658.125,0,1,1,0,1,9.0,14.1,4.2,0.0,0,0,0.0,0.0,0.0,0.0,0.0,5661.0,5118.0,4950.0,6051.0,5687.017857142857,5455.170833333334,8.985714285714286,0.0
2024-01-02,4941.0,0,1,1,1,1,8.9,14.5,4.2,0.0,0,0,0.0,0.0,0.0,0.0,0.0,7658.125,5081.0,5329.0,6205.0,5667.017857142857,5413.0375,9.028571428571428,0.0
2024-01-03,4560.0,0,1,1,2,1,9.0,15.1,4.1,0.0,0,0,0.0,0.0,0.0,0.0,0.0,4941.0,5238.0,5296.0,4927.0,5570.160714285715,5400.804166666667,9.071428571428571,0.0
2024-01-04,5116.0,0,1,1,3,1,9.4,15.4,4.8,0.0,0,0,0.0,0.0,0.0,0.0,0.0,4560.0,5027.0,4977.0,5025.0,5582.875,5403.8375,9.1,0.0
2024-01-05,5118.0,0,1,1,4,1,9.4,15.3,4.9,0.0,0,0,0.0,0.0,0.0,0.0,0.0,5116.0,4904.0,5058.0,4940.0,5613.446428571428,5409.770833333333,9.128571428571428,0.0
2024-01-06,5949.0,1,1,1,5,1,8.8,15.2,4.2,0.0,0,0,0.0,0.0,0.0,0.0,0.0,5118.0,6240.0,5913.0,5289.0,5571.875,5431.770833333333,9.085714285714285,0.0
2024-01-07,6001.0,1,1,1,6,1,9.5,16.2,4.8,0.0,0,0,0.0,0.0,0.0,0.0,0.0,5949.0,5661.0,6409.0,4915.0,5620.446428571428,5467.970833333334,9.142857142857142,0.0
2024-01-08,4813.0,0,1,2,0,1,9.1,15.4,3.6,0.0,0,0,0.0,0.0,0.0,0.0,0.0,6001.0,7658.125,5118.0,5993.0,5214.0,5428.6375,9.157142857142857,0.0
2024-01-09,4959.0,0,1,2,1,1,9.0,16.8,3.6,0.0,0,0,0.0,0.0,0.0,0.0,0.0,4813.0,4941.0,5081.0,6197.0,5216.571428571428,5387.370833333333,9.171428571428573,0.0
2024-01-10,4870.0,0,1,2,2,1,9.2,15.8,3.4,0.0,0,0,0.0,0.0,0.0,0.0,0.0,4959.0,4560.0,5238.0,4871.0,5260.857142857143,5387.3375,9.200000000000001,0.0
2024-01-11,5136.0,0,1,2,3,1,9.8,16.4,4.4,0.0,0,0,0.0,0.0,0.0,0.0,0.0,4870.0,5116.0,5027.0,5237.0,5263.714285714285,5383.970833333334,9.257142857142856,0.0
2024-01-12,4929.0,0,1,2,4,1,9.3,16.9,3.9,0.0,0,0,0.0,0.0,0.0,0.0,0.0,5136.0,5118.0,4904.0,4844.0,5236.714285714285,5386.804166666667,9.242857142857144,0.0
2024-01-13,6214.0,1,1,2,5,1,9.7,18.0,4.4,0.0,0,0,0.0,0.0,0.0,0.0,0.0,4929.0,5949.0,6240.0,5103.0,5274.571428571428,5423.8375,9.37142857142857,0.0
2024-01-14,5507.0,1,1,2,6,1,9.7,18.1,3.7,0.0,0,0,0.0,0.0,0.0,0.0,0.0,6214.0,6001.0,5661.0,4877.0,5204.0,5444.8375,9.4,0.0
2024-01-15,4753.0,0,1,3,0,1,10.1,16.7,4.2,0.0,0,0,0.0,0.0,0.0,0.0,0.0,5507.0,4813.0,7658.125,6100.0,5195.428571428572,5399.9375,9.542857142857143,0.0
2024-01-16,4945.0,0,1,3,1,1,9.5,14.9,4.9,0.0,0,0,0.0,0.0,0.0,0.0,0.0,4753.0,4959.0,4941.0,6273.0,5193.428571428572,5355.670833333334,9.614285714285714,0.0
2024-01-17,5567.0,0,1,3,2,1,9.1,14.0,5.2,0.0,0,0,0.0,0.0,0.0,0.0,0.0,4945.0,4870.0,4560.0,4950.0,5293.0,5376.2375,9.599999999999998,0.0
2024-01-18,4701.0,0,1,3,3,1,9.3,15.1,5.0,0.0,0,0,0.0,0.0,0.0,0.0,0.0,5567.0,5136.0,5116.0,5329.0,5230.857142857143,5355.304166666667,9.528571428571428,0.0
2024-01-19,5396.0,0,1,3,4,1,9.2,14.7,4.9,0.0,0,0,0.0,0.0,0.0,0.0,0.0,4701.0,4929.0,5118.0,5296.0,5297.571428571428,5358.6375,9.514285714285714,0.0
2024-01-20,6088.0,1,1,3,5,1,8.8,15.2,3.6,0.0,0,0,0.0,0.0,0.0,0.0,0.0,5396.0,6214.0,5949.0,4977.0,5279.571428571428,5395.670833333334,9.385714285714286,0.0
2024-01-21,6292.0,1,1,3,6,1,9.5,15.2,5.6,0.1,0,0,0.0,0.0,0.0,0.0,0.0,6088.0,5507.0,6001.0,5058.0,5391.714285714285,5436.804166666667,9.357142857142858,0.01428571428571454
2024-01-22,4828.0,0,1,4,0,1,8.5,13.5,3.6,0.0,0,0,0.0,0.0,0.0,0.0,0.0,6292.0,4753.0,4813.0,5913.0,5402.428571428572,5400.6375,9.12857142857143,0.01428571428571454
2024-01-23,5036.0,0,1,4,1,1,8.6,15.0,2.3,0.0,0,0,0.0,0.0,0.0,0.0,0.0,4828.0,4945.0,4959.0,6409.0,5415.428571428572,5354.870833333333,9.0,0.01428571428571454
2024-01-24,5005.0,0,1,4,2,1,9.7,14.7,5.6,0.0,0,0,0.0,0.0,0.0,0.0,0.0,5036.0,5567.0,4870.0,5118.0,5335.142857142857,5351.104166666667,9.085714285714285,0.01428571428571454
2024-01-25,4646.0,0,1,4,3,1,7.1,8.0,6.5,5.4375,0,0,0.0,0.0,0.0,0.0,0.0,5005.0,4701.0,5136.0,5081.0,5327.285714285715,5336.604166666667,8.77142857142857,0.7910714285714288
2024-01-26,4842.0,0,1,4,4,1,8.3,12.6,5.7,0.0,0,0,0.0,0.0,0.0,0.0,0.0,4646.0,5396.0,4929.0,5238.0,5248.142857142857,5323.404166666666,8.642857142857142,0.7910714285714288
2024-01-27,5969.0,1,1,4,5,1,8.1,11.3,6.0,0.1,0,0,0.0,0.0,0.0,0.0,0.0,4842.0,6088.0,6214.0,5027.0,5231.142857142857,5354.804166666667,8.542857142857143,0.805357142857143
2024-01-28,6060.0,1,1,4,6,1,7.8,12.9,3.5,0.0,0,0,0.0,0.0,0.0,0.0,0.0,5969.0,6292.0,5507.0,4904.0,5198.0,5393.3375,8.299999999999999,0.7910714285714288
2024-01-29,5011.0,0,1,5,0,1,8.2,15.1,2.2,0.0,0,0,0.0,0.0,0.0,0.0,0.0,6060.0,4828.0,4753.0,6240.0,5224.142857142857,5352.370833333333,8.257142857142856,0.7910714285714288
2024-01-30,4785.0,0,1,5,1,1,9.2,15.7,3.9,0.0,0,0,0.0,0.0,0.0,0.0,0.0,5011.0,5036.0,4945.0,5661.0,5188.285714285715,5323.170833333334,8.342857142857143,0.7910714285714288
2024-01-31,5035.0,0,1,5,2,1,9.1,15.4,3.7,0.0,0,0,0.0,0.0,0.0,0.0,0.0,4785.0,5005.0,5567.0,7658.125,5192.571428571428,5235.733333333334,8.257142857142856,0.7910714285714288
2024-02-01,4928.0,0,2,5,3,1,8.9,15.4,2.9,0.0,0,0,0.0,0.0,0.0,0.0,0.0,5035.0,4646.0,4701.0,4941.0,5232.857142857143,5235.3,8.514285714285714,0.01428571428571454
2024-02-02,4579.0,0,2,5,4,1,8.5,12.8,5.1,0.3,0,0,0.0,0.0,0.0,0.0,0.0,4928.0,4842.0,5396.0,4560.0,5195.285714285715,5235.933333333333,8.542857142857143,0.0571428571428574
2024-02-03,6210.0,1,2,5,5,1,8.0,11.3,5.2,2.3,0,0,0.0,0.0,0.0,0.0,0.0,4579.0,5969.0,6088.0,5116.0,5229.714285714285,5272.4,8.528571428571428,0.3714285714285716
2024-02-04,6005.0,1,2,5,6,1,7.2,12.8,1.9,0.0,0,0,0.0,0.0,0.0,0.0,0.0,6210.0,6060.0,6292.0,5118.0,5221.857142857143,5301.966666666666,8.442857142857143,0.3714285714285716
2024-02-05,5006.0,0,2,6,0,1,8.2,12.7,5.0,0.3,0,0,0.0,0.0,0.0,0.0,0.0,6005.0,5011.0,4828.0,5949.0,5221.142857142857,5270.533333333334,8.442857142857143,0.4142857142857145
2024-02-06,5098.0,0,2,6,1,1,9.5,14.2,7.8,1.3,0,0,0.0,0.0,0.0,0.0,0.0,5006.0,4785.0,5036.0,6001.0,5265.857142857143,5240.433333333333,8.485714285714286,0.6000000000000002
2024-02-07,4589.0,0,2,6,2,1,9.8,14.5,6.7,5.4375,0,0,0.0,0.0,0.0,0.0,0.0,5098.0,5035.0,5005.0,4813.0,5202.142857142857,5232.966666666666,8.585714285714285,1.3767857142857145
2024-02-08,4852.0,0,2,6,3,1,10.4,15.3,6.9,0.0,0,0,0.0,0.0,0.0,0.0,0.0,4589.0,4928.0,4646.0,4959.0,5191.285714285715,5229.4,8.8,1.3767857142857145
2024-02-09,4981.0,0,2,6,4,1,9.1,16.4,2.9,0.0,0,0,0.0,0.0,0.0,0.0,0.0,4852.0,4579.0,4842.0,4870.0,5248.714285714285,5233.1,8.885714285714286,1.3339285714285716
2024-02-10,7658.125,1,2,6,5,1,8.7,13.2,4.2,0.1,0,0,0.0,0.0,0.0,0.0,0.0,4981.0,6210.0,5969.0,5136.0,5455.589285714285,5317.170833333334,8.985714285714286,1.0196428571428573
2024-02-11,7658.125,1,2,6,6,1,9.9,15.1,5.2,0.7,0,0,0.0,0.0,0.0,0.0,0.0,7658.125,6005.0,6060.0,4929.0,5691.75,5408.141666666666,9.37142857142857,1.1196428571428574
2024-02-12,7658.125,0,2,7,0,1,9.9,15.8,4.8,0.0,0,0,0.0,0.0,0.0,0.0,0.0,7658.125,5006.0,5011.0,6214.0,6070.625,5456.279166666666,9.614285714285714,1.0767857142857145
2024-02-13,7658.125,0,2,7,1,1,10.4,17.6,4.3,0.0,0,0,0.0,0.0,0.0,0.0,0.0,7658.125,5098.0,4785.0,5507.0,6436.357142857143,5527.983333333334,9.742857142857144,0.8910714285714286
2024-02-14,7658.125,0,2,7,2,1,10.9,18.6,3.8,0.0,0,0,0.0,0.0,0.0,0.0,0.0,7658.125,4589.0,5035.0,4753.0,6874.803571428572,5624.820833333333,9.900000000000002,0.11428571428571441
2024-02-15,7658.125,0,2,7,3,1,11.5,18.5,5.0,0.0,0,0,0.0,0.0,0.0,0.0,0.0,7658.125,4852.0,4928.0,4945.0,7275.678571428572,5715.258333333333,10.057142857142859,0.11428571428571441
2024-02-16,7658.125,0,2,7,4,1,11.5,17.3,6.0,0.0,0,0,0.0,0.0,0.0,0.0,0.0,7658.125,4981.0,4579.0,5567.0,7658.125,5784.9625,10.400000000000002,0.11428571428571441
2024-02-17,6259.0,1,2,7,5,1,11.4,18.6,4.7,0.0,0,0,0.0,0.0,0.0,0.0,0.0,7658.125,7658.125,6210.0,4701.0,7458.25,5836.895833333333,10.785714285714286,0.10000000000000012
2024-02-18,6288.0,1,2,7,6,1,11.7,19.2,4.7,0.0,0,0,0.0,0.0,0.0,0.0,0.0,6259.0,7658.125,6005.0,5396.0,7262.517857142857,5866.629166666667,11.042857142857143,0.0
2024-02-19,5068.0,0,2,8,0,1,12.0,19.5,4.8,0.0,0,0,0.0,0.0,0.0,0.0,0.0,6288.0,7658.125,5006.0,6088.0,6892.5,5832.629166666667,11.342857142857143,0.0
2024-02-20,5241.0,0,2,8,1,1,12.5,19.1,6.3,0.0,0,0,0.0,0.0,0.0,0.0,0.0,5068.0,7658.125,5098.0,6292.0,6547.196428571428,5797.595833333334,11.642857142857142,0.0
2024-02-21,5128.0,0,2,8,2,1,11.8,17.3,6.8,0.1,0,0,0.0,0.0,0.0,0.0,0.0,5241.0,7658.125,4589.0,4828.0,6185.75,5807.595833333334,11.77142857142857,0.014285714285714414
2024-02-22,5519.0,0,2,8,3,1,12.6,18.9,7.3,0.0,0,0,0.0,0.0,0.0,0.0,0.0,5128.0,7658.125,4852.0,5036.0,5880.160714285715,5823.695833333333,11.928571428571429,0.014285714285714414
2024-02-23,5055.0,0,2,8,4,1,13.5,17.7,10.7,0.4,0,0,0.0,0.0,0.0,0.0,0.0,5519.0,7658.125,4981.0,5005.0,5508.285714285715,5825.3625,12.214285714285714,0.07142857142857155
2024-02-24,6123.0,1,2,8,5,1,13.2,19.3,10.3,2.5,0,0,0.0,0.0,0.0,0.0,0.0,5055.0,6259.0,7658.125,4646.0,5488.857142857143,5874.595833333334,12.471428571428572,0.4285714285714287
2024-02-25,6278.0,1,2,8,6,1,12.4,18.5,7.4,0.0,0,0,0.0,0.0,0.0,0.0,0.0,6123.0,6288.0,7658.125,4842.0,5487.428571428572,5922.4625,12.571428571428571,0.4285714285714287
2024-02-26,5330.0,0,2,9,0,1,13.6,20.4,7.2,0.0,0,0,0.0,0.0,0.0,0.0,0.0,6278.0,5068.0,7658.125,5969.0,5524.857142857143,5901.1625,12.799999999999999,0.4285714285714287
2024-02-27,4938.0,0,2,9,1,1,13.8,21.3,7.5,0.0,0,0,0.0,0.0,0.0,0.0,0.0,5330.0,5241.0,7658.125,6060.0,5481.571428571428,5863.7625,12.985714285714286,0.4285714285714287
2024-02-28,4813.0,0,2,9,2,1,12.7,19.0,7.9,0.2,0,0,0.0,0.0,0.0,0.0,0.0,4938.0,5128.0,7658.125,5011.0,5436.571428571428,5857.1625,13.114285714285714,0.442857142857143
2024-02-29,5368.0,0,2,9,3,1,12.9,20.0,7.0,0.0,0,0,0.0,0.0,0.0,0.0,0.0,4813.0,5519.0,7658.125,4785.0,5415.0,5876.595833333334,13.157142857142857,0.442857142857143
2024-03-01,5039.0,0,3,9,4,1,13.2,20.3,6.5,0.0,0,0,0.0,0.0,0.0,0.0,0.0,5368.0,5055.0,7658.125,5035.0,5412.714285714285,5876.729166666667,13.114285714285714,0.38571428571428584
2024-03-02,6070.0,1,3,9,5,1,13.4,21.7,5.6,0.0,0,0,0.0,0.0,0.0,0.0,0.0,5039.0,6123.0,6259.0,4928.0,5405.142857142857,5914.795833333334,13.142857142857142,0.0285714285714287
2024-03-03,6181.0,1,3,9,6,1,13.8,23.0,6.9,0.0,0,0,0.0,0.0,0.0,0.0,0.0,6070.0,6278.0,6288.0,4579.0,5391.285714285715,5968.195833333333,13.342857142857143,0.0285714285714287
2024-03-04,5048.0,0,3,10,0,1,15.1,23.5,8.2,0.0,0,0,0.0,0.0,0.0,0.0,0.0,6181.0,5330.0,5068.0,6210.0,5351.0,5929.4625,13.557142857142859,0.0285714285714287
2024-03-05,5004.0,0,3,10,1,1,14.9,22.1,9.2,0.0,0,0,0.0,0.0,0.0,0.0,0.0,5048.0,4938.0,5241.0,6005.0,5360.428571428572,5896.095833333334,13.714285714285714,0.0285714285714287
2024-03-06,5332.0,0,3,10,2,1,14.6,22.5,8.1,0.0,0,0,0.0,0.0,0.0,0.0,0.0,5004.0,4813.0,5128.0,5006.0,5434.571428571428,5906.9625,13.985714285714286,0.0
2024-03-07,5094.0,0,3,10,3,1,14.7,22.0,7.4,0.0,0,0,0.0,0.0,0.0,0.0,0.0,5332.0,5368.0,5519.0,5098.0,5395.428571428572,5906.829166666666,14.242857142857144,0.0
2024-03-08,5203.0,0,3,10,4,1,14.7,23.1,7.9,0.0,0,0,0.0,0.0,0.0,0.0,0.0,5094.0,5039.0,5055.0,4589.0,5418.857142857143,5927.295833333334,14.457142857142856,0.0
2024-03-09,5947.0,1,3,10,5,1,14.0,21.5,6.5,0.0,0,0,0.0,0.0,0.0,0.0,0.0,5203.0,6070.0,6123.0,4852.0,5401.285714285715,5963.795833333334,14.542857142857143,0.0
2024-03-10,6142.0,1,3,10,6,1,14.2,21.7,6.4,0.0,0,0,0.0,0.0,0.0,0.0,0.0,5947.0,6181.0,6278.0,4981.0,5395.714285714285,6002.495833333333,14.6,0.0
2024-03-11,5291.0,0,3,11,0,1,14.8,23.6,6.8,0.0,0,0,0.0,0.0,0.0,0.0,0.0,6142.0,5048.0,5330.0,7658.125,5430.428571428572,5923.591666666666,14.557142857142855,0.0
2024-03-12,4977.0,0,3,11,1,1,15.8,21.9,9.7,0.0,0,0,0.0,0.0,0.0,0.0,0.0,5291.0,5004.0,4938.0,7658.125,5426.571428571428,5834.220833333334,14.685714285714287,0.0
2024-03-13,5180.0,0,3,11,2,1,15.7,22.4,10.4,0.0,0,0,0.0,0.0,0.0,0.0,0.0,4977.0,5332.0,4813.0,7658.125,5404.857142857143,5751.616666666667,14.842857142857142,0.0
2024-03-14,5157.0,0,3,11,3,1,14.7,22.1,7.9,0.0,0,0,0.0,0.0,0.0,0.0,0.0,5180.0,5094.0,5368.0,7658.125,5413.857142857143,5668.245833333333,14.842857142857142,0.0
2024-03-15,5351.0,0,3,11,4,1,15.4,23.2,9.0,0.0,0,0,0.0,0.0,0.0,0.0,0.0,5157.0,5203.0,5039.0,7658.125,5435.0,5591.341666666666,14.942857142857145,0.0
2024-03-16,6295.0,1,3,11,5,1,15.6,23.6,7.3,0.0,0,0,0.0,0.0,0.0,0.0,0.0,5351.0,5947.0,6070.0,7658.125,5484.714285714285,5545.904166666666,15.171428571428573,0.0
2024-03-17,6165.0,1,3,11,6,1,16.2,24.0,7.8,0.0,0,0,0.0,0.0,0.0,0.0,0.0,6295.0,6142.0,6181.0,7658.125,5488.0,5496.133333333333,15.457142857142857,0.0
2024-03-18,5487.0,0,3,12,0,1,16.6,24.8,8.5,0.0,0,0,0.0,0.0,0.0,0.0,0.0,6165.0,5291.0,5048.0,6259.0,5516.0,5470.4,15.714285714285714,0.0
2024-03-19,5135.0,0,3,12,1,1,15.9,23.4,8.7,0.4,0,0,0.0,0.0,0.0,0.0,0.0,5487.0,4977.0,5004.0,6288.0,5538.571428571428,5431.966666666666,15.728571428571428,0.05714285714285727
2024-03-20,4894.0,0,3,12,2,1,15.3,21.5,9.5,0.1,0,0,0.0,0.0,0.0,0.0,0.0,5135.0,5180.0,5332.0,5068.0,5497.714285714285,5426.166666666667,15.671428571428573,0.07142857142857155
2024-03-21,5293.0,0,3,12,3,1,17.0,25.8,8.9,0.0,0,0,0.0,0.0,0.0,0.0,0.0,4894.0,5157.0,5094.0,5241.0,5517.142857142857,5427.9,16.0,0.07142857142857155
2024-03-22,5122.0,0,3,12,4,1,15.0,20.9,11.7,1.1,0,0,0.0,0.0,0.0,0.0,0.0,5293.0,5351.0,5203.0,5128.0,5484.428571428572,5427.7,15.942857142857141,0.2285714285714287
2024-03-23,6311.0,1,3,12,5,1,14.1,20.7,8.0,0.0,0,0,0.0,0.0,0.0,0.0,0.0,5122.0,6295.0,5947.0,5519.0,5486.714285714285,5454.1,15.72857142857143,0.2285714285714287
2024-03-24,6190.0,1,3,12,6,1,14.3,21.1,9.0,0.0,0,0,0.0,0.0,0.0,0.0,0.0,6311.0,6165.0,6142.0,5055.0,5490.285714285715,5491.933333333333,15.457142857142857,0.2285714285714287
2024-03-25,5308.0,0,3,13,0,1,15.6,25.1,7.6,0.0,0,0,0.0,0.0,0.0,0.0,0.0,6190.0,5487.0,5291.0,6123.0,5464.714285714285,5464.766666666666,15.314285714285713,0.2285714285714287
2024-03-26,4965.0,0,3,13,1,1,16.6,23.8,9.4,0.0,0,0,0.0,0.0,0.0,0.0,0.0,5308.0,5135.0,4977.0,6278.0,5440.428571428572,5421.0,15.414285714285715,0.17142857142857157
2024-03-27,5132.0,0,3,13,2,1,15.1,22.7,10.0,0.0,0,0,0.0,0.0,0.0,0.0,0.0,4965.0,4894.0,5180.0,5330.0,5474.428571428572,5414.4,15.385714285714286,0.15714285714285728
2024-03-28,5292.0,0,3,13,3,1,15.6,23.2,8.9,0.0,0,0,0.0,0.0,0.0,0.0,0.0,5132.0,5293.0,5157.0,4938.0,5474.285714285715,5426.2,15.185714285714285,0.15714285714285728
2024-03-29,5129.0,0,3,13,4,1,16.4,23.6,10.1,0.0,0,0,0.0,0.0,0.0,0.0,0.0,5292.0,5122.0,5351.0,4813.0,5475.285714285715,5436.733333333334,15.385714285714286,0.0
2024-03-30,6539.0,1,3,13,5,1,17.4,24.7,11.1,0.0,0,0,0.0,0.0,0.0,0.0,0.0,5129.0,6311.0,6295.0,5368.0,5507.857142857143,5475.766666666666,15.857142857142858,0.0
2024-03-31,6027.0,1,3,13,6,1,16.9,23.4,12.1,0.3,0,0,0.0,0.0,0.0,0.0,0.0,6539.0,6190.0,6165.0,5039.0,5484.571428571428,5508.7,16.228571428571428,0.04285714285714298
2024-04-01,5310.0,0,4,14,0,2,16.3,22.7,12.1,0.2,0,0,0.0,0.0,0.0,0.0,0.0,6027.0,5308.0,5487.0,6070.0,5484.857142857143,5483.366666666667,16.32857142857143,0.07142857142857155
2024-04-02,5224.0,0,4,14,1,2,17.1,25.3,10.5,0.0,0,0,0.0,0.0,0.0,0.0,0.0,5310.0,4965.0,5135.0,6181.0,5521.857142857143,5451.466666666666,16.4,0.07142857142857155
2024-04-03,5205.0,0,4,14,2,2,17.5,24.6,11.3,0.0,0,0,0.0,0.0,0.0,0.0,0.0,5224.0,5132.0,4894.0,5048.0,5532.285714285715,5456.7,16.742857142857144,0.07142857142857155
2024-04-04,7658.125,0,4,14,3,2,17.4,24.2,11.5,0.1,0,0,0.0,0.0,0.0,0.0,0.0,5205.0,5292.0,5293.0,5004.0,5870.303571428572,5545.170833333334,17.0,0.08571428571428584
2024-04-05,7658.125,0,4,14,4,2,17.1,23.6,10.3,0.1,0,0,0.0,0.0,0.0,0.0,0.0,7658.125,5129.0,5122.0,5332.0,6231.607142857143,5622.708333333333,17.1,0.10000000000000012
2024-04-06,6327.0,1,4,14,5,2,18.1,24.9,11.4,0.0,0,0,0.0,0.0,0.0,0.0,0.0,7658.125,6539.0,6311.0,5094.0,6201.321428571428,5663.808333333333,17.2,0.10000000000000012
2024-04-07,6681.0,1,4,14,6,2,18.8,25.8,12.0,0.0,0,0,0.0,0.0,0.0,0.0,0.0,6327.0,6027.0,6190.0,5203.0,6294.75,5713.075,17.47142857142857,0.05714285714285727
2024-04-08,5699.0,0,4,15,0,2,19.4,26.9,12.1,0.0,0,0,0.0,0.0,0.0,0.0,0.0,6681.0,5310.0,5308.0,5947.0,6350.321428571428,5704.808333333333,17.914285714285715,0.0285714285714287
2024-04-09,5205.0,0,4,15,1,2,19.0,26.4,12.2,0.0,0,0,0.0,0.0,0.0,0.0,0.0,5699.0,5224.0,4965.0,6142.0,6347.607142857143,5673.575,18.185714285714287,0.0285714285714287
2024-04-10,5299.0,0,4,15,2,2,18.2,24.7,12.0,0.2,0,0,0.0,0.0,0.0,0.0,0.0,5205.0,5205.0,5132.0,5291.0,6361.035714285715,5673.841666666666,18.285714285714285,0.05714285714285727
2024-04-11,5109.0,0,4,15,3,2,17.9,24.2,14.2,1.0,0,0,0.0,0.0,0.0,0.0,0.0,5299.0,7658.125,5292.0,4977.0,5996.875,5678.241666666667,18.357142857142858,0.18571428571428586
2024-04-12,5123.0,0,4,15,4,2,18.4,25.4,11.3,0.0,0,0,0.0,0.0,0.0,0.0,0.0,5109.0,7658.125,5129.0,5180.0,5634.714285714285,5676.341666666666,18.542857142857144,0.17142857142857154
2024-04-13,6506.0,1,4,15,5,2,18.2,24.8,11.3,0.0,0,0,0.0,0.0,0.0,0.0,0.0,5123.0,6327.0,6539.0,5157.0,5660.285714285715,5721.308333333333,18.557142857142857,0.17142857142857154
2024-04-14,6435.0,1,4,15,6,2,19.1,28.1,10.4,0.0,0,0,0.0,0.0,0.0,0.0,0.0,6506.0,6681.0,6027.0,5351.0,5625.142857142857,5757.441666666667,18.599999999999998,0.17142857142857154
2024-04-15,5524.0,0,4,16,0,2,19.5,27.7,10.5,0.0,0,0,0.0,0.0,0.0,0.0,0.0,6435.0,5699.0,5310.0,6295.0,5600.142857142857,5731.741666666667,18.614285714285717,0.17142857142857154
2024-04-16,5242.0,0,4,16,1,2,19.9,27.5,12.2,0.0,0,0,0.0,0.0,0.0,0.0,0.0,5524.0,5205.0,5224.0,6165.0,5605.428571428572,5700.975,18.74285714285714,0.17142857142857154
2024-04-17,5524.0,0,4,16,2,2,18.8,24.6,12.8,0.3,0,0,0.0,0.0,0.0,0.0,0.0,5242.0,5299.0,5205.0,5487.0,5637.571428571428,5702.208333333333,18.82857142857143,0.18571428571428586
2024-04-18,5393.0,0,4,16,3,2,19.2,27.4,12.7,0.0,0,0,0.0,0.0,0.0,0.0,0.0,5524.0,5109.0,7658.125,5135.0,5678.142857142857,5710.808333333333,19.014285714285712,0.04285714285714298
2024-04-19,5158.0,0,4,16,4,2,18.6,26.3,12.3,0.0,0,0,0.0,0.0,0.0,0.0,0.0,5393.0,5123.0,7658.125,4894.0,5683.142857142857,5719.608333333334,19.042857142857144,0.04285714285714298
2024-04-20,6236.0,1,4,16,5,2,17.1,22.2,12.8,0.0,0,0,0.0,0.0,0.0,0.0,0.0,5158.0,6506.0,6327.0,5293.0,5644.571428571428,5751.041666666667,18.885714285714283,0.04285714285714298
2024-04-21,6726.0,1,4,16,6,2,17.5,23.6,12.6,0.0,0,0,0.0,0.0,0.0,0.0,0.0,6236.0,6435.0,6681.0,5122.0,5686.142857142857,5804.508333333333,18.657142857142855,0.04285714285714298
2024-04-22,5467.0,0,4,17,0,2,19.1,25.8,12.9,0.0,0,0,0.0,0.0,0.0,0.0,0.0,6726.0,5524.0,5699.0,6311.0,5678.0,5776.375,18.6,0.04285714285714298
2024-04-23,5596.0,0,4,17,1,2,19.3,26.1,12.6,0.0,0,0,0.0,0.0,0.0,0.0,0.0,5467.0,5242.0,5205.0,6190.0,5728.571428571428,5756.575,18.514285714285712,0.04285714285714298
2024-04-24,5385.0,0,4,17,2,2,19.6,26.0,13.1,0.0,0,0,0.0,0.0,0.0,0.0,0.0,5596.0,5524.0,5299.0,5308.0,5708.714285714285,5759.141666666666,18.62857142857143,0.0
2024-04-25,5124.0,0,4,17,3,2,19.0,26.6,12.7,0.0,0,0,0.0,0.0,0.0,0.0,0.0,5385.0,5393.0,5109.0,4965.0,5670.285714285715,5764.441666666667,18.599999999999998,0.0
2024-04-26,5608.0,0,4,17,4,2,18.8,26.8,10.7,0.0,0,0,0.0,0.0,0.0,0.0,0.0,5124.0,5158.0,5123.0,5132.0,5734.571428571428,5780.308333333333,18.62857142857143,0.0
2024-04-27,6556.0,1,4,17,5,2,19.4,27.4,10.9,0.0,0,0,0.0,0.0,0.0,0.0,0.0,5608.0,6236.0,6506.0,5292.0,5780.285714285715,5822.441666666667,18.957142857142856,0.0
2024-04-28,6570.0,1,4,17,6,2,19.9,27.5,12.9,0.0,0,0,0.0,0.0,0.0,0.0,0.0,6556.0,6726.0,6435.0,5129.0,5758.0,5870.475,19.3,0.0
2024-04-29,5430.0,0,4,18,0,2,19.6,25.6,13.9,0.7,0,0,0.0,0.0,0.0,0.0,0.0,6570.0,5467.0,5524.0,6539.0,5752.714285714285,5833.508333333333,19.37142857142857,0.10000000000000012
2024-04-30,5443.0,0,4,18,1,2,18.8,24.9,12.6,0.1,0,0,0.0,0.0,0.0,0.0,0.0,5430.0,5596.0,5242.0,6027.0,5730.857142857143,5814.041666666667,19.3,0.11428571428571441
2024-05-01,7658.125,0,5,18,2,2,19.1,25.5,13.5,0.0,0,0,0.0,0.0,0.0,0.0,0.0,5443.0,5385.0,5524.0,5310.0,6055.589285714285,5892.3125,19.228571428571428,0.11428571428571441
2024-05-02,7658.125,0,5,18,3,2,18.6,26.7,13.4,0.7,0,0,0.0,0.0,0.0,0.0,0.0,7658.125,5124.0,5393.0,5224.0,6417.607142857143,5973.45,19.17142857142857,0.2142857142857144
2024-05-03,7658.125,0,5,18,4,2,17.5,23.8,12.7,1.5,0,0,0.0,0.0,0.0,0.0,0.0,7658.125,5608.0,5158.0,5205.0,6710.482142857143,6055.220833333334,18.985714285714288,0.4285714285714287
2024-05-04,6597.0,1,5,18,5,2,18.6,26.7,11.0,0.0,0,0,0.0,0.0,0.0,0.0,0.0,7658.125,6556.0,6236.0,7658.125,6716.339285714285,6019.85,18.87142857142857,0.4285714285714287
2024-05-05,6232.0,1,5,18,6,2,17.5,23.5,12.7,0.0,0,0,0.0,0.0,0.0,0.0,0.0,6597.0,6570.0,6726.0,7658.125,6668.053571428572,5972.3125,18.528571428571432,0.4285714285714287
2024-05-06,5336.0,0,5,19,0,2,17.7,23.6,12.4,0.0,0,0,0.0,0.0,0.0,0.0,0.0,6232.0,5430.0,5467.0,6327.0,6654.625,5939.279166666666,18.257142857142856,0.3285714285714287
2024-05-07,5077.0,0,5,19,1,2,19.3,26.0,12.4,0.0,0,0,0.0,0.0,0.0,0.0,0.0,5336.0,5443.0,5596.0,6681.0,6602.339285714285,5885.8125,18.32857142857143,0.31428571428571445
2024-05-08,5367.0,0,5,19,2,2,19.2,23.8,14.6,1.3,0,0,0.0,0.0,0.0,0.0,0.0,5077.0,7658.125,5385.0,5699.0,6275.035714285715,5874.745833333333,18.342857142857145,0.5000000000000001
2024-05-09,5445.0,0,5,19,3,2,18.8,23.2,14.1,0.1,0,0,0.0,0.0,0.0,0.0,0.0,5367.0,7658.125,5124.0,5205.0,5958.875,5882.745833333333,18.37142857142857,0.4142857142857144
2024-05-10,5598.0,0,5,19,4,2,19.0,25.9,13.0,0.0,0,0,0.0,0.0,0.0,0.0,0.0,5445.0,7658.125,5608.0,5299.0,5664.571428571428,5892.7125,18.585714285714285,0.20000000000000015
2024-05-11,6430.0,1,5,19,5,2,19.0,24.6,13.9,0.3,0,0,0.0,0.0,0.0,0.0,0.0,5598.0,6597.0,6556.0,5109.0,5640.714285714285,5936.745833333333,18.642857142857142,0.24285714285714302
2024-05-12,6420.0,1,5,19,6,2,19.9,26.3,13.4,0.2,0,0,0.0,0.0,0.0,0.0,0.0,6430.0,6232.0,6570.0,5123.0,5667.571428571428,5979.979166666667,18.985714285714288,0.2714285714285716
2024-05-13,5381.0,0,5,20,0,2,20.6,26.7,14.5,0.1,0,0,0.0,0.0,0.0,0.0,0.0,6420.0,5336.0,5430.0,6506.0,5674.0,5942.479166666667,19.400000000000002,0.28571428571428586
2024-05-14,5417.0,0,5,20,1,2,22.2,29.7,15.5,0.0,0,0,0.0,0.0,0.0,0.0,0.0,5381.0,5077.0,5443.0,6435.0,5722.571428571428,5908.545833333334,19.814285714285713,0.28571428571428586
2024-05-15,5332.0,0,5,20,2,2,22.7,29.8,14.8,0.0,0,0,0.0,0.0,0.0,0.0,0.0,5417.0,5367.0,7658.125,5524.0,5717.571428571428,5902.145833333333,20.314285714285713,0.10000000000000013
2024-05-16,5498.0,0,5,20,3,2,22.6,29.6,17.1,0.6,0,0,0.0,0.0,0.0,0.0,0.0,5332.0,5445.0,7658.125,5242.0,5725.142857142857,5910.679166666667,20.857142857142858,0.17142857142857157
2024-05-17,5440.0,0,5,20,4,2,23.0,30.2,16.7,0.1,0,0,0.0,0.0,0.0,0.0,0.0,5498.0,5598.0,7658.125,5524.0,5702.571428571428,5907.879166666667,21.428571428571427,0.18571428571428586
2024-05-18,6519.0,1,5,20,5,2,21.9,29.7,15.7,0.0,0,0,0.0,0.0,0.0,0.0,0.0,5440.0,6430.0,6597.0,5393.0,5715.285714285715,5945.4125,21.842857142857138,0.142857142857143
2024-05-19,6522.0,1,5,20,6,2,21.4,29.7,15.1,0.1,0,0,0.0,0.0,0.0,0.0,0.0,6519.0,6420.0,6232.0,5158.0,5729.857142857143,5990.879166666667,22.057142857142857,0.12857142857142873
2024-05-20,5462.0,0,5,21,0,2,17.1,20.2,15.4,5.4375,0,0,0.0,0.0,0.0,0.0,0.0,6522.0,5381.0,5336.0,6236.0,5741.428571428572,5965.079166666666,21.557142857142853,0.8910714285714286
2024-05-21,5169.0,0,5,21,1,2,19.2,24.9,14.5,0.0,0,0,0.0,0.0,0.0,0.0,0.0,5462.0,5417.0,5077.0,6726.0,5706.0,5913.179166666667,21.12857142857143,0.8910714285714286
2024-05-22,5616.0,0,5,21,2,2,19.9,26.5,14.2,0.0,0,0,0.0,0.0,0.0,0.0,0.0,5169.0,5332.0,5367.0,5467.0,5746.571428571428,5918.145833333333,20.728571428571428,0.8910714285714286
2024-05-23,5073.0,0,5,21,3,2,20.4,27.5,15.2,5.4375,0,0,0.0,0.0,0.0,0.0,0.0,5616.0,5498.0,5445.0,5596.0,5685.857142857143,5900.7125,20.414285714285715,1.5821428571428573
2024-05-24,6093.0,0,5,21,4,2,21.2,27.6,15.1,0.1,0,0,0.0,0.0,0.0,0.0,0.0,5073.0,5440.0,5598.0,5385.0,5779.142857142857,5924.3125,20.157142857142855,1.5821428571428573
2024-05-25,6402.0,1,5,21,5,2,21.6,27.3,16.7,0.2,0,0,0.0,0.0,0.0,0.0,0.0,6093.0,6519.0,6430.0,5124.0,5762.428571428572,5966.9125,20.114285714285717,1.610714285714286
2024-05-26,6497.0,1,5,21,6,2,21.1,26.6,16.9,0.5,0,0,0.0,0.0,0.0,0.0,0.0,6402.0,6522.0,6420.0,5608.0,5758.857142857143,5996.545833333334,20.071428571428573,1.667857142857143
2024-05-27,5286.0,0,5,22,0,2,19.7,23.6,17.6,5.4375,0,0,0.0,0.0,0.0,0.0,0.0,6497.0,5462.0,5381.0,6556.0,5733.714285714285,5954.2125,20.442857142857143,1.667857142857143
2024-05-28,5360.0,0,5,22,1,2,19.8,23.2,17.9,5.4375,0,0,0.0,0.0,0.0,0.0,0.0,5286.0,5169.0,5417.0,6570.0,5761.0,5913.879166666667,20.52857142857143,2.444642857142857
2024-05-29,5197.0,0,5,22,2,2,20.8,26.0,17.9,2.8,0,0,0.0,0.0,0.0,0.0,0.0,5360.0,5616.0,5332.0,5430.0,5701.142857142857,5906.1125,20.657142857142855,2.8446428571428575
2024-05-30,5787.0,0,5,22,3,2,21.2,27.4,16.5,0.0,0,0,0.0,0.0,0.0,0.0,0.0,5197.0,5073.0,5498.0,5443.0,5803.142857142857,5917.579166666666,20.771428571428572,2.067857142857143
2024-05-31,5405.0,0,5,22,4,2,21.4,26.7,16.9,0.8,0,0,0.0,0.0,0.0,0.0,0.0,5787.0,6093.0,5440.0,7658.125,5704.857142857143,5842.475,20.800000000000004,2.167857142857143
2024-06-01,6525.0,1,6,22,5,2,22.0,27.8,17.5,2.3,0,0,0.0,0.0,0.0,0.0,0.0,5405.0,6402.0,6519.0,7658.125,5722.428571428572,5804.704166666666,20.857142857142858,2.4678571428571425
2024-06-02,6858.0,1,6,22,6,2,21.9,26.6,17.8,0.2,0,0,0.0,0.0,0.0,0.0,0.0,6525.0,6497.0,6522.0,7658.125,5774.0,5778.033333333334,20.97142857142857,2.425
2024-06-03,5273.0,0,6,23,0,2,21.6,27.3,16.8,0.6,0,0,0.0,0.0,0.0,0.0,0.0,6858.0,5286.0,5462.0,6597.0,5772.142857142857,5733.9,21.24285714285714,1.7339285714285713
2024-06-04,5662.0,0,6,23,1,2,22.5,28.9,16.8,0.0,0,0,0.0,0.0,0.0,0.0,0.0,5273.0,5360.0,5169.0,6232.0,5815.285714285715,5714.9,21.628571428571426,0.9571428571428572
2024-06-05,5721.0,0,6,23,2,2,22.3,29.0,17.8,2.1,0,0,0.0,0.0,0.0,0.0,0.0,5662.0,5197.0,5616.0,5336.0,5890.142857142857,5727.733333333334,21.842857142857145,0.8571428571428573
2024-06-06,5482.0,0,6,23,3,2,22.6,28.1,18.0,1.9,0,0,0.0,0.0,0.0,0.0,0.0,5721.0,5787.0,5073.0,5077.0,5846.571428571428,5741.233333333334,22.04285714285714,1.1285714285714286
2024-06-07,5295.0,0,6,23,4,2,22.7,29.0,18.3,0.3,0,0,0.0,0.0,0.0,0.0,0.0,5482.0,5405.0,6093.0,5367.0,5830.857142857143,5738.833333333333,22.228571428571428,1.0571428571428574
2024-06-08,6866.0,1,6,23,5,2,22.7,28.9,18.0,1.2,0,0,0.0,0.0,0.0,0.0,0.0,5295.0,6525.0,6402.0,5445.0,5879.571428571428,5786.2,22.32857142857143,0.9000000000000001
2024-06-09,6548.0,1,6,23,6,2,21.6,26.5,18.8,5.4375,0,0,0.0,0.0,0.0,0.0,0.0,6866.0,6858.0,6497.0,5598.0,5835.285714285715,5817.866666666667,22.285714285714285,1.6482142857142859
2024-06-10,7658.125,0,6,24,0,2,21.7,27.0,18.2,4.8,0,0,0.0,0.0,0.0,0.0,0.0,6548.0,5273.0,5286.0,6430.0,6176.017857142857,5858.804166666667,22.3,2.248214285714286
2024-06-11,5393.0,0,6,24,1,2,22.9,27.9,18.5,0.2,0,0,0.0,0.0,0.0,0.0,0.0,7658.125,5662.0,5360.0,6420.0,6137.589285714285,5824.570833333333,22.357142857142858,2.2767857142857144
2024-06-12,5612.0,0,6,24,2,2,21.8,27.2,18.3,0.7,0,0,0.0,0.0,0.0,0.0,0.0,5393.0,5721.0,5197.0,5381.0,6122.017857142857,5832.270833333333,22.285714285714285,2.0767857142857142
2024-06-13,5562.0,0,6,24,3,2,21.8,26.5,18.2,0.3,0,0,0.0,0.0,0.0,0.0,0.0,5612.0,5482.0,5787.0,5417.0,6133.446428571428,5837.104166666667,22.171428571428574,1.8482142857142858
2024-06-14,5278.0,0,6,24,4,2,22.3,28.7,18.4,0.9,0,0,0.0,0.0,0.0,0.0,0.0,5562.0,5295.0,5405.0,5332.0,6131.017857142857,5835.304166666667,22.11428571428571,1.9339285714285714
2024-06-15,6200.0,1,6,24,5,2,21.0,24.9,18.8,5.4375,0,0,0.0,0.0,0.0,0.0,0.0,5278.0,6866.0,6525.0,5498.0,6035.875,5858.704166666666,21.87142857142857,2.539285714285714
2024-06-16,6687.0,1,6,24,6,2,22.0,26.6,18.4,2.3,0,0,0.0,0.0,0.0,0.0,0.0,6200.0,6548.0,6858.0,5440.0,6055.732142857143,5900.270833333333,21.928571428571427,2.0910714285714285
2024-06-17,5554.0,0,6,25,0,2,21.9,28.8,18.1,1.0,0,0,0.0,0.0,0.0,0.0,0.0,6687.0,7658.125,5273.0,6519.0,5755.142857142857,5868.104166666667,21.957142857142856,1.5482142857142855
2024-06-18,4990.0,0,6,25,1,2,21.9,27.0,17.9,0.2,0,0,0.0,0.0,0.0,0.0,0.0,5554.0,5393.0,5662.0,6522.0,5697.571428571428,5817.0375,21.814285714285717,1.5482142857142858
2024-06-19,5950.0,0,6,25,2,2,21.7,27.4,18.0,0.7,0,0,0.0,0.0,0.0,0.0,0.0,4990.0,5612.0,5721.0,5462.0,5745.857142857143,5833.304166666667,21.8,1.5482142857142858
2024-06-20,5480.0,0,6,25,3,2,22.0,26.6,17.3,0.9,0,0,0.0,0.0,0.0,0.0,0.0,5950.0,5562.0,5482.0,5169.0,5734.142857142857,5843.670833333334,21.828571428571426,1.6339285714285714
2024-06-21,5340.0,0,6,25,4,2,22.9,28.9,17.6,0.0,0,0,0.0,0.0,0.0,0.0,0.0,5480.0,5278.0,5295.0,5616.0,5743.0,5834.470833333334,21.914285714285715,1.5053571428571428
2024-06-22,6404.0,1,6,25,5,2,23.3,29.7,18.6,0.3,0,0,0.0,0.0,0.0,0.0,0.0,5340.0,6200.0,6866.0,5073.0,5772.142857142857,5878.8375,22.242857142857144,0.7714285714285715
2024-06-23,6557.0,1,6,25,6,2,23.1,29.5,18.5,1.1,0,0,0.0,0.0,0.0,0.0,0.0,6404.0,6687.0,6548.0,6093.0,5753.571428571428,5894.304166666667,22.400000000000002,0.6000000000000002
2024-06-24,4914.0,0,6,26,0,2,20.5,23.9,18.8,5.4375,0,0,0.0,0.0,0.0,0.0,0.0,6557.0,5554.0,7658.125,6402.0,5662.142857142857,5844.704166666666,22.2,1.2339285714285715
2024-06-25,5289.0,0,6,26,1,2,19.9,24.2,17.7,5.4375,0,0,0.0,0.0,0.0,0.0,0.0,4914.0,4990.0,5393.0,6497.0,5704.857142857143,5804.4375,21.914285714285715,1.9821428571428574
2024-06-26,5465.0,0,6,26,2,2,21.0,25.8,17.4,5.4375,0,0,0.0,0.0,0.0,0.0,0.0,5289.0,5950.0,5612.0,5286.0,5635.571428571428,5810.404166666666,21.814285714285717,2.6589285714285715
2024-06-27,5391.0,0,6,26,3,2,20.4,24.0,18.4,5.4375,0,0,0.0,0.0,0.0,0.0,0.0,5465.0,5480.0,5562.0,5360.0,5622.857142857143,5811.4375,21.585714285714285,3.3071428571428574
2024-06-28,5265.0,0,6,26,4,2,21.0,25.7,18.4,4.6,0,0,0.0,0.0,0.0,0.0,0.0,5391.0,5340.0,5278.0,5197.0,5612.142857142857,5813.704166666666,21.314285714285713,3.9642857142857144
2024-06-29,6467.0,1,6,26,5,2,20.3,23.7,18.0,4.3,0,0,0.0,0.0,0.0,0.0,0.0,5265.0,6404.0,6200.0,5787.0,5621.142857142857,5836.370833333333,20.885714285714283,4.535714285714286
2024-06-30,6559.0,1,6,26,6,2,19.5,22.0,18.1,3.6,0,0,0.0,0.0,0.0,0.0,0.0,6467.0,6557.0,6687.0,5405.0,5621.428571428572,5874.8375,20.37142857142857,4.892857142857143
2024-07-01,4979.0,0,7,27,0,3,18.9,20.8,17.9,5.4375,0,0,0.0,0.0,0.0,0.0,0.0,6559.0,4914.0,5554.0,6525.0,5630.714285714285,5823.304166666667,20.142857142857142,4.892857142857143
2024-07-02,5662.0,0,7,27,1,3,19.1,21.5,17.6,5.4375,0,0,0.0,0.0,0.0,0.0,0.0,4979.0,5289.0,4990.0,6858.0,5684.0,5783.4375,20.02857142857143,4.892857142857143
2024-07-03,5597.0,0,7,27,2,3,21.0,25.6,17.9,5.4375,0,0,0.0,0.0,0.0,0.0,0.0,5662.0,5465.0,5950.0,5273.0,5702.857142857143,5794.2375,20.02857142857143,4.892857142857143
2024-07-04,5183.0,0,7,27,3,3,19.7,23.0,17.9,4.9,0,0,0.0,0.0,0.0,0.0,0.0,5597.0,5391.0,5480.0,5662.0,5673.142857142857,5778.270833333333,19.928571428571427,4.816071428571428
2024-07-05,5347.0,0,7,27,4,3,20.6,25.3,18.0,2.7,0,0,0.0,0.0,0.0,0.0,0.0,5183.0,5265.0,5340.0,5721.0,5684.857142857143,5765.804166666667,19.87142857142857,4.544642857142858
2024-07-06,6341.0,1,7,27,5,3,20.8,25.3,17.9,0.4,0,0,0.0,0.0,0.0,0.0,0.0,5347.0,6467.0,6404.0,5482.0,5666.857142857143,5794.4375,19.942857142857143,3.9875000000000003
2024-07-07,6546.0,1,7,27,6,3,21.4,25.7,17.9,0.7,0,0,0.0,0.0,0.0,0.0,0.0,6341.0,6559.0,6557.0,5295.0,5665.0,5836.1375,20.214285714285715,3.5732142857142857
2024-07-08,5497.0,0,7,28,0,3,21.5,26.2,18.3,0.2,0,0,0.0,0.0,0.0,0.0,0.0,6546.0,4979.0,4914.0,6866.0,5739.0,5790.504166666667,20.585714285714285,2.8250000000000006
2024-07-09,5473.0,0,7,28,1,3,21.4,25.4,18.5,0.3,0,0,0.0,0.0,0.0,0.0,0.0,5497.0,5662.0,5289.0,6548.0,5712.0,5754.670833333334,20.914285714285715,2.091071428571429
2024-07-10,5359.0,0,7,28,2,3,21.0,25.1,18.4,5.4375,0,0,0.0,0.0,0.0,0.0,0.0,5473.0,5597.0,5465.0,7658.125,5678.0,5678.033333333334,20.914285714285715,2.091071428571429
2024-07-11,5476.0,0,7,28,3,3,20.6,24.4,18.1,1.9,0,0,0.0,0.0,0.0,0.0,0.0,5359.0,5183.0,5391.0,5393.0,5719.857142857143,5680.8,21.042857142857144,1.6625
2024-07-12,5196.0,0,7,28,4,3,20.9,24.6,18.6,2.5,0,0,0.0,0.0,0.0,0.0,0.0,5476.0,5347.0,5265.0,5612.0,5698.285714285715,5666.933333333333,21.085714285714285,1.6339285714285714
2024-07-13,6896.0,1,7,28,5,3,21.8,27.2,18.4,1.2,0,0,0.0,0.0,0.0,0.0,0.0,5196.0,6341.0,6467.0,5562.0,5777.571428571428,5711.4,21.228571428571428,1.7482142857142862
2024-07-14,6381.0,1,7,28,6,3,21.6,25.1,19.0,0.3,0,0,0.0,0.0,0.0,0.0,0.0,6896.0,6546.0,6559.0,5278.0,5754.0,5748.166666666667,21.25714285714286,1.6910714285714286
2024-07-15,5530.0,0,7,29,0,3,21.2,25.5,18.6,0.5,0,0,0.0,0.0,0.0,0.0,0.0,6381.0,5497.0,4979.0,6200.0,5758.714285714285,5725.833333333333,21.214285714285715,1.7339285714285715
2024-07-16,5187.0,0,7,29,1,3,21.8,26.0,18.3,0.0,0,0,0.0,0.0,0.0,0.0,0.0,5530.0,5473.0,5662.0,6687.0,5717.857142857143,5675.833333333333,21.271428571428572,1.6910714285714286
2024-07-17,5588.0,0,7,29,2,3,21.9,25.7,18.7,0.0,0,0,0.0,0.0,0.0,0.0,0.0,5187.0,5359.0,5597.0,5554.0,5750.571428571428,5676.966666666666,21.4,0.9142857142857146
2024-07-18,5323.0,0,7,29,3,3,22.5,26.9,19.1,0.4,0,0,0.0,0.0,0.0,0.0,0.0,5588.0,5476.0,5183.0,4990.0,5728.714285714285,5688.066666666667,21.67142857142857,0.7000000000000002
2024-07-19,5387.0,0,7,29,4,3,23.1,27.9,18.6,0.4,0,0,0.0,0.0,0.0,0.0,0.0,5323.0,5196.0,5347.0,5950.0,5756.0,5669.3,21.985714285714288,0.40000000000000024
2024-07-20,6609.0,1,7,29,5,3,22.4,26.8,18.9,0.8,0,0,0.0,0.0,0.0,0.0,0.0,5387.0,6896.0,6341.0,5480.0,5715.0,5706.933333333333,22.071428571428573,0.34285714285714314
2024-07-21,6113.0,1,7,29,6,3,19.9,20.8,19.2,5.4375,0,0,0.0,0.0,0.0,0.0,0.0,6609.0,6381.0,6546.0,5340.0,5676.714285714285,5732.7,21.828571428571426,1.0767857142857147
2024-07-22,5670.0,0,7,30,0,3,21.2,26.3,17.6,1.4,0,0,0.0,0.0,0.0,0.0,0.0,6113.0,5530.0,5497.0,6404.0,5696.714285714285,5708.233333333334,21.82857142857143,1.205357142857143
2024-07-23,5561.0,0,7,30,1,3,22.4,27.1,18.2,0.8,0,0,0.0,0.0,0.0,0.0,0.0,5670.0,5187.0,5473.0,6557.0,5750.142857142857,5675.033333333334,21.91428571428571,1.3196428571428576
2024-07-24,5527.0,0,7,30,2,3,22.3,27.7,18.6,2.9,0,0,0.0,0.0,0.0,0.0,0.0,5561.0,5588.0,5359.0,4914.0,5741.428571428572,5695.466666666666,21.97142857142857,1.733928571428572
2024-07-25,5412.0,0,7,30,3,3,21.7,26.4,18.1,5.4375,0,0,0.0,0.0,0.0,0.0,0.0,5527.0,5323.0,5476.0,5289.0,5754.142857142857,5699.566666666667,21.857142857142858,2.4535714285714287
2024-07-26,5438.0,0,7,30,4,3,22.3,27.5,18.5,5.4375,0,0,0.0,0.0,0.0,0.0,0.0,5412.0,5387.0,5196.0,5465.0,5761.428571428572,5698.666666666667,21.74285714285714,3.173214285714286
2024-07-27,6361.0,1,7,30,5,3,23.1,28.0,18.9,0.0,0,0,0.0,0.0,0.0,0.0,0.0,5438.0,6609.0,6896.0,5391.0,5726.0,5731.0,21.842857142857145,3.0589285714285714
2024-07-28,6593.0,1,7,30,6,3,23.6,28.9,19.3,0.6,0,0,0.0,0.0,0.0,0.0,0.0,6361.0,6113.0,6381.0,5265.0,5794.571428571428,5775.266666666666,22.37142857142857,2.3678571428571433
2024-07-29,4887.0,0,7,31,0,3,21.6,26.0,19.2,5.4375,0,0,0.0,0.0,0.0,0.0,0.0,6593.0,5670.0,5530.0,6467.0,5682.714285714285,5722.6,22.428571428571427,2.944642857142857
2024-07-30,5329.0,0,7,31,1,3,19.6,20.8,19.0,5.4375,0,0,0.0,0.0,0.0,0.0,0.0,4887.0,5561.0,5187.0,6559.0,5649.571428571428,5681.6,22.028571428571432,3.607142857142857
2024-07-31,5549.0,0,7,31,2,3,20.5,24.4,18.2,5.1,0,0,0.0,0.0,0.0,0.0,0.0,5329.0,5527.0,5588.0,4979.0,5652.714285714285,5700.6,21.771428571428572,3.9214285714285717
2024-08-01,5248.0,0,8,31,3,3,21.9,28.4,16.7,0.0,0,0,0.0,0.0,0.0,0.0,0.0,5549.0,5412.0,5323.0,5662.0,5629.285714285715,5686.8,21.800000000000004,3.1446428571428577
2024-08-02,5485.0,0,8,31,4,3,22.0,27.5,17.8,0.1,0,0,0.0,0.0,0.0,0.0,0.0,5248.0,5438.0,5387.0,5597.0,5636.0,5683.066666666667,21.75714285714286,2.382142857142857
2024-08-03,6621.0,1,8,31,5,3,21.2,26.3,17.8,2.1,0,0,0.0,0.0,0.0,0.0,0.0,5485.0,6361.0,6609.0,5183.0,5673.142857142857,5731.0,21.485714285714288,2.6821428571428574
2024-08-04,6253.0,1,8,31,6,3,20.1,23.0,18.7,5.4375,0,0,0.0,0.0,0.0,0.0,0.0,6621.0,6593.0,6113.0,5347.0,5624.571428571428,5761.2,20.985714285714288,3.373214285714286
2024-08-05,5194.0,0,8,32,0,3,20.0,23.0,17.8,5.4375,0,0,0.0,0.0,0.0,0.0,0.0,6253.0,4887.0,5670.0,6341.0,5668.428571428572,5722.966666666666,20.75714285714286,3.373214285714286
2024-08-06,5172.0,0,8,32,1,3,20.1,25.6,17.1,5.4375,0,0,0.0,0.0,0.0,0.0,0.0,5194.0,5329.0,5561.0,6546.0,5646.0,5677.166666666667,20.82857142857143,3.373214285714286
2024-08-07,5607.0,0,8,32,2,3,20.6,25.6,17.5,0.5,0,0,0.0,0.0,0.0,0.0,0.0,5172.0,5549.0,5527.0,5497.0,5654.285714285715,5680.833333333333,20.842857142857145,2.716071428571429
2024-08-08,5421.0,0,8,32,3,3,21.0,25.5,17.2,0.2,0,0,0.0,0.0,0.0,0.0,0.0,5607.0,5248.0,5412.0,5473.0,5679.0,5679.1,20.714285714285715,2.7446428571428574
2024-08-09,5480.0,0,8,32,4,3,21.5,27.1,17.5,0.0,0,0,0.0,0.0,0.0,0.0,0.0,5421.0,5485.0,5438.0,5359.0,5678.285714285715,5683.133333333333,20.642857142857142,2.730357142857143
2024-08-10,6475.0,1,8,32,5,3,20.3,24.1,18.2,5.4375,0,0,0.0,0.0,0.0,0.0,0.0,5480.0,6621.0,6361.0,5476.0,5657.428571428572,5716.433333333333,20.514285714285712,3.2071428571428577
2024-08-11,5970.0,1,8,32,6,3,20.2,23.7,18.1,5.4375,0,0,0.0,0.0,0.0,0.0,0.0,6475.0,6253.0,6593.0,5196.0,5617.0,5742.233333333334,20.528571428571432,3.2071428571428577
2024-08-12,5372.0,0,8,33,0,3,21.6,26.8,17.6,0.1,0,0,0.0,0.0,0.0,0.0,0.0,5970.0,5194.0,4887.0,6896.0,5642.428571428572,5691.433333333333,20.75714285714286,2.4446428571428576
2024-08-13,4999.0,0,8,33,1,3,21.7,26.8,17.5,0.0,0,0,0.0,0.0,0.0,0.0,0.0,5372.0,5172.0,5329.0,6381.0,5617.714285714285,5645.366666666667,20.985714285714288,1.6678571428571431
2024-08-14,5251.0,0,8,33,2,3,21.9,26.6,17.3,0.2,0,0,0.0,0.0,0.0,0.0,0.0,4999.0,5607.0,5549.0,5530.0,5566.857142857143,5636.066666666667,21.171428571428574,1.6250000000000002
2024-08-15,4994.0,0,8,33,3,3,21.4,26.2,16.9,1.3,0,0,0.0,0.0,0.0,0.0,0.0,5251.0,5421.0,5248.0,5187.0,5505.857142857143,5629.633333333333,21.228571428571428,1.7821428571428577
2024-08-16,5145.0,0,8,33,4,3,19.6,22.5,17.0,5.4375,0,0,0.0,0.0,0.0,0.0,0.0,4994.0,5480.0,5485.0,5588.0,5458.0,5614.866666666667,20.95714285714286,2.5589285714285714
2024-08-17,6612.0,1,8,33,5,3,19.4,22.3,17.1,4.5,0,0,0.0,0.0,0.0,0.0,0.0,5145.0,6475.0,6621.0,5323.0,5477.571428571428,5657.833333333333,20.828571428571426,2.4250000000000003
2024-08-18,5939.0,1,8,33,6,3,18.7,20.1,17.6,5.4375,0,0,0.0,0.0,0.0,0.0,0.0,6612.0,5970.0,6253.0,5387.0,5473.142857142857,5676.233333333334,20.614285714285717,2.4250000000000003
2024-08-19,5128.0,0,8,34,0,3,19.8,24.3,17.6,5.4375,0,0,0.0,0.0,0.0,0.0,0.0,5939.0,5372.0,5194.0,6609.0,5438.285714285715,5626.866666666667,20.357142857142858,3.1875
2024-08-20,4964.0,0,8,34,1,3,20.4,24.9,18.1,1.7,0,0,0.0,0.0,0.0,0.0,0.0,5128.0,4999.0,5172.0,6113.0,5433.285714285715,5588.566666666667,20.17142857142857,3.4303571428571433
2024-08-21,5450.0,0,8,34,2,3,21.3,26.7,17.6,4.6,0,0,0.0,0.0,0.0,0.0,0.0,4964.0,5251.0,5607.0,5670.0,5461.714285714285,5581.233333333334,20.085714285714285,4.058928571428572
2024-08-22,5293.0,0,8,34,3,3,21.7,26.8,17.3,0.7,0,0,0.0,0.0,0.0,0.0,0.0,5450.0,4994.0,5421.0,5561.0,5504.428571428572,5572.3,20.12857142857143,3.9732142857142856
2024-08-23,5289.0,0,8,34,4,3,20.7,24.8,16.2,2.3,0,0,0.0,0.0,0.0,0.0,0.0,5293.0,5145.0,5480.0,5527.0,5525.0,5564.366666666667,20.285714285714285,3.525
2024-08-24,6357.0,1,8,34,5,3,21.1,25.7,17.3,5.4375,0,0,0.0,0.0,0.0,0.0,0.0,5289.0,6612.0,6475.0,5412.0,5488.571428571428,5595.866666666667,20.52857142857143,3.6589285714285715
2024-08-25,6176.0,1,8,34,6,3,20.6,25.6,16.7,5.4375,0,0,0.0,0.0,0.0,0.0,0.0,6357.0,5939.0,5970.0,5438.0,5522.428571428572,5620.466666666666,20.800000000000004,3.6589285714285715
2024-08-26,5390.0,0,8,35,0,3,20.6,24.4,17.2,5.4375,0,0,0.0,0.0,0.0,0.0,0.0,6176.0,5128.0,5372.0,6361.0,5559.857142857143,5588.1,20.914285714285715,3.6589285714285715
2024-08-27,5078.0,0,8,35,1,3,20.3,23.7,17.6,5.4375,0,0,0.0,0.0,0.0,0.0,0.0,5390.0,4964.0,4999.0,6593.0,5576.142857142857,5537.6,20.900000000000002,4.192857142857143
2024-08-28,5118.0,0,8,35,2,3,21.3,25.1,17.6,5.4375,0,0,0.0,0.0,0.0,0.0,0.0,5078.0,5450.0,5251.0,4887.0,5528.714285714285,5545.3,20.900000000000002,4.3125
2024-08-29,5584.0,0,8,35,3,3,22.1,27.1,18.3,0.4,0,0,0.0,0.0,0.0,0.0,0.0,5118.0,5293.0,4994.0,5329.0,5570.285714285715,5553.8,20.95714285714286,4.269642857142857
2024-08-30,5380.0,0,8,35,4,3,22.0,27.6,18.1,2.3,0,0,0.0,0.0,0.0,0.0,0.0,5584.0,5289.0,5145.0,5549.0,5583.285714285715,5548.166666666667,21.142857142857142,4.269642857142857
2024-08-31,5843.0,1,8,35,5,3,20.6,24.1,18.7,5.4375,0,0,0.0,0.0,0.0,0.0,0.0,5380.0,6357.0,6612.0,5248.0,5509.857142857143,5568.0,21.071428571428573,4.269642857142857
2024-09-01,6327.0,1,9,35,6,3,20.0,23.2,17.6,5.4375,0,0,0.0,0.0,0.0,0.0,0.0,5843.0,6176.0,5939.0,5485.0,5531.428571428572,5596.066666666667,20.985714285714288,4.269642857142857
2024-09-02,5169.0,0,9,36,0,3,19.7,23.0,17.1,5.4375,0,0,0.0,0.0,0.0,0.0,0.0,6327.0,5390.0,5128.0,6621.0,5499.857142857143,5547.666666666667,20.857142857142858,4.269642857142857
2024-09-03,5409.0,0,9,36,1,3,19.7,23.9,17.3,3.2,0,0,0.0,0.0,0.0,0.0,0.0,5169.0,5078.0,4964.0,6253.0,5547.142857142857,5519.533333333334,20.771428571428572,3.95
2024-09-04,5053.0,0,9,36,2,3,20.0,23.8,17.7,5.4375,0,0,0.0,0.0,0.0,0.0,0.0,5409.0,5118.0,5450.0,5194.0,5537.857142857143,5514.833333333333,20.585714285714285,3.95
2024-09-05,4848.0,0,9,36,3,3,19.0,23.0,16.9,5.4375,0,0,0.0,0.0,0.0,0.0,0.0,5053.0,5584.0,5293.0,5172.0,5432.714285714285,5504.033333333334,20.142857142857142,4.669642857142857
2024-09-06,5379.0,0,9,36,4,3,19.9,24.5,16.3,2.6,0,0,0.0,0.0,0.0,0.0,0.0,4848.0,5380.0,5289.0,5607.0,5432.571428571428,5496.433333333333,19.842857142857145,4.7125
2024-09-07,6618.0,1,9,36,5,3,21.1,25.4,16.4,0.4,0,0,0.0,0.0,0.0,0.0,0.0,5379.0,5843.0,6357.0,5421.0,5543.285714285715,5536.333333333333,19.914285714285715,3.9928571428571433
2024-09-08,6177.0,1,9,36,6,3,20.9,25.1,17.2,2.0,0,0,0.0,0.0,0.0,0.0,0.0,6618.0,6327.0,6176.0,5480.0,5521.857142857143,5559.566666666667,20.042857142857144,3.5017857142857145
2024-09-09,5499.0,0,9,37,0,3,20.1,23.7,18.2,5.4375,0,0,0.0,0.0,0.0,0.0,0.0,6177.0,5169.0,5390.0,6475.0,5569.0,5527.033333333334,20.099999999999998,3.5017857142857145
2024-09-10,4903.0,0,9,37,1,3,19.7,23.2,17.2,5.4375,0,0,0.0,0.0,0.0,0.0,0.0,5499.0,5409.0,5078.0,5970.0,5496.714285714285,5491.466666666666,20.1,3.821428571428572
2024-09-11,5111.0,0,9,37,2,3,19.2,23.0,16.6,5.4375,0,0,0.0,0.0,0.0,0.0,0.0,4903.0,5053.0,5118.0,5372.0,5505.0,5482.766666666666,19.985714285714288,3.821428571428572
2024-09-12,5176.0,0,9,37,3,3,18.7,21.9,16.2,5.4375,0,0,0.0,0.0,0.0,0.0,0.0,5111.0,4848.0,5584.0,4999.0,5551.857142857143,5488.666666666667,19.942857142857143,3.821428571428572
2024-09-13,5612.0,0,9,37,4,3,19.3,24.7,16.1,5.2,0,0,0.0,0.0,0.0,0.0,0.0,5176.0,5379.0,5380.0,5251.0,5585.142857142857,5500.7,19.857142857142858,4.192857142857143
2024-09-14,6238.0,1,9,37,5,3,19.6,23.7,16.3,4.1,0,0,0.0,0.0,0.0,0.0,0.0,5612.0,6618.0,5843.0,4994.0,5530.857142857143,5542.166666666667,19.642857142857142,4.721428571428572
2024-09-15,6315.0,1,9,37,6,3,20.6,25.9,16.3,0.0,0,0,0.0,0.0,0.0,0.0,0.0,6238.0,6177.0,6327.0,5145.0,5550.571428571428,5581.166666666667,19.599999999999998,4.435714285714286
2024-09-16,7658.125,0,9,38,0,3,19.5,23.1,17.0,0.9,0,0,0.0,0.0,0.0,0.0,0.0,6315.0,5499.0,5169.0,6612.0,5859.017857142857,5616.0375,19.514285714285716,3.7875000000000005
2024-09-17,7658.125,0,9,38,1,3,19.6,24.3,16.6,3.6,0,0,0.0,0.0,0.0,0.0,0.0,7658.125,4903.0,5409.0,5939.0,6252.607142857143,5673.341666666666,19.5,3.525000000000001
2024-09-18,5730.0,0,9,38,2,3,20.4,25.0,16.1,0.6,0,0,0.0,0.0,0.0,0.0,0.0,7658.125,5111.0,5053.0,5128.0,6341.035714285715,5693.408333333334,19.67142857142857,2.833928571428572
2024-09-19,5637.0,0,9,38,3,3,21.3,25.9,17.7,0.1,0,0,0.0,0.0,0.0,0.0,0.0,5730.0,5176.0,4848.0,4964.0,6406.892857142857,5715.841666666666,20.042857142857144,2.0714285714285716
2024-09-20,5419.0,0,9,38,4,3,21.6,25.9,17.7,0.2,0,0,0.0,0.0,0.0,0.0,0.0,5637.0,5612.0,5379.0,5450.0,6379.321428571428,5714.808333333333,20.37142857142857,1.3571428571428574
2024-09-21,6363.0,1,9,38,5,3,21.5,25.6,17.9,0.8,0,0,0.0,0.0,0.0,0.0,0.0,5419.0,6238.0,6618.0,5293.0,6397.178571428572,5750.475,20.642857142857142,0.885714285714286
2024-09-22,6588.0,1,9,38,6,3,20.3,25.1,17.2,5.4375,0,0,0.0,0.0,0.0,0.0,0.0,6363.0,6315.0,6177.0,5289.0,6436.178571428572,5793.775,20.599999999999998,1.6625000000000003
2024-09-23,5636.0,0,9,39,0,3,20.1,24.2,15.9,1.4,0,0,0.0,0.0,0.0,0.0,0.0,6588.0,7658.125,5499.0,6357.0,6147.303571428572,5769.741666666667,20.685714285714287,1.7339285714285715
2024-09-24,5272.0,0,9,39,1,3,20.6,26.3,16.5,0.5,0,0,0.0,0.0,0.0,0.0,0.0,5636.0,7658.125,4903.0,6176.0,5806.428571428572,5739.608333333334,20.82857142857143,1.2910714285714289
2024-09-25,5539.0,0,9,39,2,3,20.8,25.1,17.5,2.6,0,0,0.0,0.0,0.0,0.0,0.0,5272.0,5730.0,5111.0,5390.0,5779.142857142857,5744.575,20.88571428571429,1.5767857142857145
2024-09-26,5295.0,0,9,39,3,3,19.1,22.4,17.5,5.4375,0,0,0.0,0.0,0.0,0.0,0.0,5539.0,5637.0,5176.0,5078.0,5730.285714285715,5751.808333333333,20.571428571428573,2.339285714285715
2024-09-27,5141.0,0,9,39,4,3,19.2,23.3,16.8,3.2,0,0,0.0,0.0,0.0,0.0,0.0,5295.0,5419.0,5612.0,5118.0,5690.571428571428,5752.575,20.228571428571428,2.7678571428571432
2024-09-28,6480.0,1,9,39,5,3,20.2,25.0,16.5,0.0,0,0,0.0,0.0,0.0,0.0,0.0,5141.0,6363.0,6238.0,5584.0,5707.285714285715,5782.441666666667,20.042857142857144,2.653571428571429
2024-09-29,6515.0,1,9,39,6,3,20.5,24.8,16.8,0.0,0,0,0.0,0.0,0.0,0.0,0.0,6480.0,6588.0,6315.0,5380.0,5696.857142857143,5820.275,20.071428571428573,1.8767857142857147
2024-09-30,5275.0,0,9,40,0,3,19.2,22.6,16.9,5.4375,0,0,0.0,0.0,0.0,0.0,0.0,6515.0,5636.0,7658.125,5843.0,5645.285714285715,5801.341666666666,19.942857142857147,2.453571428571429
2024-10-01,7658.125,0,10,40,1,4,17.9,20.1,15.9,5.4375,0,0,0.0,0.0,0.0,0.0,0.0,5275.0,5272.0,7658.125,6327.0,5986.160714285715,5845.7125,19.557142857142857,3.158928571428572
2024-10-02,7658.125,0,10,40,2,4,15.6,17.2,14.3,3.4,0,0,0.0,0.0,0.0,0.0,0.0,7658.125,5539.0,5730.0,5169.0,6288.892857142857,5928.683333333333,18.814285714285713,3.273214285714286
2024-10-03,7658.125,0,10,40,3,4,17.0,20.5,14.0,1.1,0,0,0.0,0.0,0.0,0.0,0.0,7658.125,5295.0,5637.0,5409.0,6626.482142857143,6003.654166666666,18.514285714285712,2.653571428571429
2024-10-04,7658.125,0,10,40,4,4,17.9,20.1,16.5,1.2,0,0,0.0,0.0,0.0,0.0,0.0,7658.125,5141.0,5419.0,5053.0,6986.071428571428,6090.491666666667,18.32857142857143,2.3678571428571433
2024-10-05,6096.0,1,10,40,5,4,18.6,22.1,16.0,2.4,0,0,0.0,0.0,0.0,0.0,0.0,7658.125,6480.0,6363.0,4848.0,6931.214285714285,6132.091666666666,18.1,2.710714285714286
2024-10-06,6629.0,1,10,40,6,4,19.0,23.0,16.3,0.7,0,0,0.0,0.0,0.0,0.0,0.0,6096.0,6515.0,6588.0,5379.0,6947.5,6173.758333333333,17.885714285714286,2.810714285714286
2024-10-07,7658.125,0,10,41,0,4,18.4,21.8,16.0,2.2,0,0,0.0,0.0,0.0,0.0,0.0,6629.0,5275.0,5636.0,6618.0,7287.946428571428,6208.429166666667,17.771428571428572,2.3482142857142856
2024-10-08,5157.0,0,10,41,1,4,18.2,21.8,15.8,1.0,0,0,0.0,0.0,0.0,0.0,0.0,7658.125,7658.125,5272.0,6177.0,6930.642857142857,6174.429166666667,17.814285714285713,1.7142857142857146
2024-10-09,5202.0,0,10,41,2,4,18.1,22.3,15.4,4.0,0,0,0.0,0.0,0.0,0.0,0.0,5157.0,7658.125,5539.0,5499.0,6579.767857142857,6164.529166666666,18.17142857142857,1.8000000000000003
2024-10-10,5122.0,0,10,41,3,4,18.2,22.8,15.3,0.9,0,0,0.0,0.0,0.0,0.0,0.0,5202.0,7658.125,5295.0,4903.0,6217.464285714285,6171.829166666666,18.342857142857145,1.7714285714285718
2024-10-11,5130.0,0,10,41,4,4,17.7,21.5,14.9,0.8,0,0,0.0,0.0,0.0,0.0,0.0,5122.0,7658.125,5141.0,5111.0,5856.303571428572,6172.4625,18.314285714285713,1.7142857142857146
2024-10-12,6751.0,1,10,41,5,4,17.9,22.3,15.0,0.6,0,0,0.0,0.0,0.0,0.0,0.0,5130.0,6096.0,6480.0,5176.0,5949.875,6224.9625,18.214285714285715,1.4571428571428575
2024-10-13,6428.0,1,10,41,6,4,17.2,21.6,14.4,0.3,0,0,0.0,0.0,0.0,0.0,0.0,6751.0,6629.0,6515.0,5612.0,5921.160714285715,6252.1625,17.957142857142856,1.4000000000000004
2024-10-14,5400.0,0,10,42,0,4,16.9,20.9,14.3,1.8,0,0,0.0,0.0,0.0,0.0,0.0,6428.0,7658.125,5275.0,6238.0,5598.571428571428,6224.229166666667,17.74285714285714,1.3428571428571432
2024-10-15,5081.0,0,10,42,1,4,16.1,20.1,13.2,2.5,0,0,0.0,0.0,0.0,0.0,0.0,5400.0,5157.0,7658.125,6315.0,5587.714285714285,6183.095833333334,17.442857142857143,1.5571428571428574
2024-10-16,4996.0,0,10,42,2,4,15.7,19.0,13.2,5.4375,0,0,0.0,0.0,0.0,0.0,0.0,5081.0,5202.0,7658.125,7658.125,5558.285714285715,6094.358333333334,17.099999999999998,1.7625000000000004
2024-10-17,5014.0,0,10,42,3,4,16.4,21.4,13.1,0.0,0,0,0.0,0.0,0.0,0.0,0.0,4996.0,5122.0,7658.125,7658.125,5542.857142857143,6006.220833333334,16.842857142857145,1.6339285714285716
2024-10-18,5202.0,0,10,42,4,4,16.6,21.4,12.9,0.0,0,0,0.0,0.0,0.0,0.0,0.0,5014.0,5130.0,7658.125,5730.0,5553.142857142857,5988.620833333333,16.685714285714287,1.5196428571428575
2024-10-19,6481.0,1,10,42,5,4,16.9,23.0,12.4,0.2,0,0,0.0,0.0,0.0,0.0,0.0,5202.0,6751.0,6096.0,5637.0,5514.571428571428,6016.754166666667,16.54285714285714,1.4625000000000001
2024-10-20,6569.0,1,10,42,6,4,16.7,20.4,13.9,1.6,0,0,0.0,0.0,0.0,0.0,0.0,6481.0,6428.0,6629.0,5419.0,5534.714285714285,6055.0875,16.471428571428568,1.648214285714286
2024-10-21,4960.0,0,10,43,0,4,16.5,20.5,13.6,0.3,0,0,0.0,0.0,0.0,0.0,0.0,6569.0,5400.0,7658.125,6363.0,5471.857142857143,6008.320833333333,16.414285714285715,1.4339285714285717
2024-10-22,4822.0,0,10,43,1,4,16.8,20.3,14.4,0.8,0,0,0.0,0.0,0.0,0.0,0.0,4960.0,5081.0,5157.0,6588.0,5434.857142857143,5949.454166666666,16.514285714285716,1.1910714285714288
2024-10-23,5219.0,0,10,43,2,4,15.5,17.1,14.6,5.4375,0,0,0.0,0.0,0.0,0.0,0.0,4822.0,4996.0,5202.0,5636.0,5466.714285714285,5935.554166666667,16.485714285714288,1.1910714285714288
2024-10-24,5110.0,0,10,43,3,4,16.5,20.7,14.2,1.4,0,0,0.0,0.0,0.0,0.0,0.0,5219.0,5014.0,5122.0,5272.0,5480.428571428572,5930.154166666666,16.5,1.391071428571429
2024-10-25,5382.0,0,10,43,4,4,17.2,22.5,13.1,0.0,0,0,0.0,0.0,0.0,0.0,0.0,5110.0,5202.0,5130.0,5539.0,5506.142857142857,5924.920833333334,16.585714285714285,1.391071428571429
2024-10-26,6494.0,1,10,43,5,4,17.4,23.5,13.6,0.0,0,0,0.0,0.0,0.0,0.0,0.0,5382.0,6481.0,6751.0,5295.0,5508.0,5964.8875,16.657142857142855,1.3625000000000005
2024-10-27,6561.0,1,10,43,6,4,16.7,21.0,13.7,0.0,0,0,0.0,0.0,0.0,0.0,0.0,6494.0,6569.0,6428.0,5141.0,5506.857142857143,6012.220833333334,16.65714285714286,1.1339285714285716
2024-10-28,5225.0,0,10,44,0,4,16.6,21.0,13.4,0.3,0,0,0.0,0.0,0.0,0.0,0.0,6561.0,4960.0,5400.0,6480.0,5544.714285714285,5970.3875,16.67142857142857,1.1339285714285718
2024-10-29,5298.0,0,10,44,1,4,16.5,22.3,12.0,0.2,0,0,0.0,0.0,0.0,0.0,0.0,5225.0,4822.0,5081.0,6515.0,5612.714285714285,5929.820833333333,16.628571428571426,1.048214285714286
2024-10-30,5090.0,0,10,44,2,4,16.7,22.8,12.7,0.0,0,0,0.0,0.0,0.0,0.0,0.0,5298.0,5219.0,4996.0,5275.0,5594.285714285715,5923.654166666666,16.8,0.2714285714285717
2024-10-31,5108.0,0,10,44,3,4,16.9,22.5,12.7,0.0,0,0,0.0,0.0,0.0,0.0,0.0,5090.0,5110.0,5014.0,7658.125,5594.0,5838.65,16.857142857142858,0.07142857142857169
2024-11-01,5227.0,0,11,44,4,4,16.8,22.7,12.2,0.4,0,0,0.0,0.0,0.0,0.0,0.0,5108.0,5382.0,5202.0,7658.125,5571.857142857143,5757.6125,16.8,0.12857142857142884
2024-11-02,5876.0,1,11,44,5,4,16.0,19.7,13.8,5.4375,0,0,0.0,0.0,0.0,0.0,0.0,5227.0,6494.0,6481.0,7658.125,5483.571428571428,5698.208333333333,16.6,0.9053571428571432
2024-11-03,5917.0,1,11,44,6,4,16.1,21.1,13.0,0.7,0,0,0.0,0.0,0.0,0.0,0.0,5876.0,6561.0,6569.0,7658.125,5391.571428571428,5640.170833333334,16.514285714285712,1.0053571428571433
2024-11-04,4956.0,0,11,45,0,4,14.7,17.6,12.3,5.4375,0,0,0.0,0.0,0.0,0.0,0.0,5917.0,5225.0,4960.0,6096.0,5353.142857142857,5602.170833333334,16.242857142857144,1.7392857142857145
2024-11-05,5272.0,0,11,45,1,4,13.8,17.0,11.6,4.1,0,0,0.0,0.0,0.0,0.0,0.0,4956.0,5298.0,4822.0,6629.0,5349.428571428572,5556.9375,15.857142857142858,2.2964285714285717
2024-11-06,5070.0,0,11,45,2,4,13.2,15.1,11.3,5.4375,0,0,0.0,0.0,0.0,0.0,0.0,5272.0,5090.0,5219.0,7658.125,5346.571428571428,5470.666666666667,15.357142857142858,3.073214285714286
2024-11-07,5041.0,0,11,45,3,4,12.3,13.0,11.0,5.4375,0,0,0.0,0.0,0.0,0.0,0.0,5070.0,5108.0,5110.0,5157.0,5337.0,5466.8,14.7,3.8500000000000005
2024-11-08,4722.0,0,11,45,4,4,11.0,12.2,9.9,5.4375,0,0,0.0,0.0,0.0,0.0,0.0,5041.0,5227.0,5382.0,5202.0,5264.857142857143,5450.8,13.87142857142857,4.569642857142858
2024-11-09,6169.0,1,11,45,5,4,12.0,16.9,8.6,0.0,0,0,0.0,0.0,0.0,0.0,0.0,4722.0,5876.0,6494.0,5122.0,5306.714285714285,5485.7,13.299999999999999,3.7928571428571436
2024-11-10,6406.0,1,11,45,6,4,14.0,19.5,10.3,0.1,0,0,0.0,0.0,0.0,0.0,0.0,6169.0,5917.0,6561.0,5130.0,5376.571428571428,5528.233333333334,13.0,3.7071428571428577
2024-11-11,5385.0,0,11,46,0,4,14.3,20.5,9.3,0.0,0,0,0.0,0.0,0.0,0.0,0.0,6406.0,4956.0,5225.0,6751.0,5437.857142857143,5482.7,12.942857142857141,2.9303571428571433
2024-11-12,5018.0,0,11,46,1,4,14.1,19.5,10.1,0.0,0,0,0.0,0.0,0.0,0.0,0.0,5385.0,5272.0,5298.0,6428.0,5401.571428571428,5435.7,12.985714285714286,2.3446428571428575
2024-11-13,5180.0,0,11,46,2,4,14.1,20.0,9.6,0.0,0,0,0.0,0.0,0.0,0.0,0.0,5018.0,5070.0,5090.0,5400.0,5417.285714285715,5428.366666666667,13.114285714285714,1.567857142857143
2024-11-14,5170.0,0,11,46,3,4,13.7,20.3,9.3,0.0,0,0,0.0,0.0,0.0,0.0,0.0,5180.0,5041.0,5108.0,5081.0,5435.714285714285,5431.333333333333,13.314285714285715,0.7910714285714288
2024-11-15,5012.0,0,11,46,4,4,13.7,20.4,9.4,0.0,0,0,0.0,0.0,0.0,0.0,0.0,5170.0,4722.0,5227.0,4996.0,5477.142857142857,5431.866666666667,13.700000000000001,0.01428571428571454
2024-11-16,6153.0,1,11,46,5,4,13.5,20.6,9.2,0.0,0,0,0.0,0.0,0.0,0.0,0.0,5012.0,6169.0,5876.0,5014.0,5474.857142857143,5469.833333333333,13.914285714285715,0.01428571428571454
2024-11-17,6084.0,1,11,46,6,4,13.4,20.3,9.3,0.0,0,0,0.0,0.0,0.0,0.0,0.0,6153.0,6406.0,5917.0,5202.0,5428.857142857143,5499.233333333334,13.828571428571427,0.0
2024-11-18,4938.0,0,11,47,0,4,12.9,18.6,8.2,0.0,0,0,0.0,0.0,0.0,0.0,0.0,6084.0,5385.0,4956.0,6481.0,5365.0,5447.8,13.62857142857143,0.0
2024-11-19,5154.0,0,11,47,1,4,13.4,19.3,8.9,0.0,0,0,0.0,0.0,0.0,0.0,0.0,4938.0,5018.0,5272.0,6569.0,5384.428571428572,5400.633333333333,13.528571428571428,0.0
2024-11-20,5057.0,0,11,47,2,4,13.3,19.0,10.5,0.1,0,0,0.0,0.0,0.0,0.0,0.0,5154.0,5180.0,5070.0,4960.0,5366.857142857143,5403.866666666667,13.414285714285715,0.01428571428571454
2024-11-21,5189.0,0,11,47,3,4,11.6,16.0,8.7,2.3,0,0,0.0,0.0,0.0,0.0,0.0,5057.0,5170.0,5041.0,4822.0,5369.571428571428,5416.1,13.114285714285714,0.3428571428571431
2024-11-22,5118.0,0,11,47,4,4,11.2,16.1,8.0,0.2,0,0,0.0,0.0,0.0,0.0,0.0,5189.0,5012.0,4722.0,5219.0,5384.714285714285,5412.733333333334,12.757142857142856,0.3714285714285717
2024-11-23,6166.0,1,11,47,5,4,11.6,16.3,8.0,0.0,0,0,0.0,0.0,0.0,0.0,0.0,5118.0,6153.0,6169.0,5110.0,5386.571428571428,5447.933333333333,12.485714285714284,0.3714285714285717
2024-11-24,6170.0,1,11,47,6,4,11.9,16.4,8.6,0.0,0,0,0.0,0.0,0.0,0.0,0.0,6166.0,6084.0,6406.0,5382.0,5398.857142857143,5474.2,12.271428571428572,0.3714285714285717
2024-11-25,4935.0,0,11,48,0,4,11.8,16.8,7.8,0.0,0,0,0.0,0.0,0.0,0.0,0.0,6170.0,4938.0,5385.0,6494.0,5398.428571428572,5422.233333333334,12.114285714285714,0.3714285714285717
2024-11-26,5196.0,0,11,48,1,4,12.2,16.9,7.8,0.0,0,0,0.0,0.0,0.0,0.0,0.0,4935.0,5154.0,5018.0,6561.0,5404.428571428572,5376.733333333334,11.942857142857141,0.3714285714285717
2024-11-27,5511.0,0,11,48,2,4,12.2,17.8,8.2,0.0,0,0,0.0,0.0,0.0,0.0,0.0,5196.0,5057.0,5180.0,5225.0,5469.285714285715,5386.266666666666,11.785714285714286,0.3571428571428574
2024-11-28,4883.0,0,11,48,3,4,11.9,17.6,8.1,0.0,0,0,0.0,0.0,0.0,0.0,0.0,5511.0,5189.0,5170.0,5298.0,5425.571428571428,5372.433333333333,11.828571428571427,0.028571428571428827
2024-11-29,5093.0,0,11,48,4,4,11.8,16.4,9.2,0.0,0,0,0.0,0.0,0.0,0.0,0.0,4883.0,5118.0,5012.0,5090.0,5422.0,5372.533333333334,11.914285714285715,0.0
2024-11-30,6405.0,1,11,48,5,4,11.6,16.5,8.0,0.0,0,0,0.0,0.0,0.0,0.0,0.0,5093.0,6166.0,6153.0,5108.0,5456.142857142857,5415.766666666666,11.914285714285715,0.0
2024-12-01,6405.0,1,12,48,6,4,11.1,16.7,7.0,0.0,0,0,0.0,0.0,0.0,0.0,0.0,6405.0,6170.0,6084.0,5227.0,5489.714285714285,5455.033333333334,11.799999999999999,0.0
2024-12-02,5183.0,0,12,49,0,4,11.1,17.1,6.5,0.0,0,0,0.0,0.0,0.0,0.0,0.0,6405.0,4935.0,4938.0,5876.0,5525.142857142857,5431.933333333333,11.700000000000001,0.0
2024-12-03,5473.0,0,12,49,1,4,11.5,17.1,6.9,0.0,0,0,0.0,0.0,0.0,0.0,0.0,5183.0,5196.0,5154.0,5917.0,5564.714285714285,5417.133333333333,11.6,0.0
2024-12-04,5006.0,0,12,49,2,4,11.2,16.8,7.2,0.0,0,0,0.0,0.0,0.0,0.0,0.0,5473.0,5511.0,5057.0,4956.0,5492.571428571428,5418.8,11.457142857142856,0.0
2024-12-05,4914.0,0,12,49,3,4,11.4,17.1,7.5,0.0,0,0,0.0,0.0,0.0,0.0,0.0,5006.0,4883.0,5189.0,5272.0,5497.0,5406.866666666667,11.385714285714286,0.0
2024-12-06,5259.0,0,12,49,4,4,11.0,17.2,6.7,0.0,0,0,0.0,0.0,0.0,0.0,0.0,4914.0,5093.0,5118.0,5070.0,5520.714285714285,5413.166666666667,11.27142857142857,0.0
2024-12-07,6205.0,1,12,49,5,4,11.2,17.2,6.7,0.0,0,0,0.0,0.0,0.0,0.0,0.0,5259.0,6405.0,6166.0,5041.0,5492.142857142857,5451.966666666666,11.214285714285714,0.0
2024-12-08,6138.0,1,12,49,6,4,11.6,17.4,7.1,0.0,0,0,0.0,0.0,0.0,0.0,0.0,6205.0,6405.0,6170.0,4722.0,5454.0,5499.166666666667,11.285714285714286,0.0
2024-12-09,4824.0,0,12,50,0,4,11.9,17.6,8.0,0.0,0,0,0.0,0.0,0.0,0.0,0.0,6138.0,5183.0,4935.0,6169.0,5402.714285714285,5454.333333333333,11.4,0.0
2024-12-10,5208.0,0,12,50,1,4,12.3,17.6,9.0,0.0,0,0,0.0,0.0,0.0,0.0,0.0,4824.0,5473.0,5196.0,6406.0,5364.857142857143,5414.4,11.514285714285714,0.0
2024-12-11,5250.0,0,12,50,2,4,10.8,16.4,6.7,0.0,0,0,0.0,0.0,0.0,0.0,0.0,5208.0,5006.0,5511.0,5385.0,5399.714285714285,5409.9,11.457142857142857,0.0
2024-12-12,4734.0,0,12,50,3,4,11.4,17.6,6.8,0.0,0,0,0.0,0.0,0.0,0.0,0.0,5250.0,4914.0,4883.0,5018.0,5374.0,5400.433333333333,11.457142857142857,0.0
2024-12-13,5215.0,0,12,50,4,4,11.7,18.0,7.1,0.0,0,0,0.0,0.0,0.0,0.0,0.0,4734.0,5259.0,5093.0,5180.0,5367.714285714285,5401.6,11.557142857142859,0.0
2024-12-14,6095.0,1,12,50,5,4,11.7,17.4,7.5,0.0,0,0,0.0,0.0,0.0,0.0,0.0,5215.0,6205.0,6405.0,5170.0,5352.0,5432.433333333333,11.62857142857143,0.0
2024-12-15,6283.0,1,12,50,6,4,11.5,17.5,7.2,0.0,0,0,0.0,0.0,0.0,0.0,0.0,6095.0,6138.0,6405.0,5012.0,5372.714285714285,5474.8,11.614285714285716,0.0
2024-12-16,5192.0,0,12,51,0,4,10.8,17.7,6.4,0.0,0,0,0.0,0.0,0.0,0.0,0.0,6283.0,4824.0,5183.0,6153.0,5425.285714285715,5442.766666666666,11.457142857142857,0.0
2024-12-17,4848.0,0,12,51,1,4,11.1,17.8,6.0,0.0,0,0,0.0,0.0,0.0,0.0,0.0,5192.0,5208.0,5473.0,6084.0,5373.857142857143,5401.566666666667,11.285714285714286,0.0
2024-12-18,5244.0,0,12,51,2,4,10.3,16.0,5.4,0.0,0,0,0.0,0.0,0.0,0.0,0.0,4848.0,5250.0,5006.0,4938.0,5373.0,5411.766666666666,11.214285714285714,0.0
2024-12-19,4891.0,0,12,51,3,4,10.4,16.4,5.4,0.0,0,0,0.0,0.0,0.0,0.0,0.0,5244.0,4734.0,4914.0,5154.0,5395.428571428572,5403.0,11.071428571428571,0.0
2024-12-20,5130.0,0,12,51,4,4,10.6,16.5,6.2,0.0,0,0,0.0,0.0,0.0,0.0,0.0,4891.0,5215.0,5259.0,5057.0,5383.285714285715,5405.433333333333,10.914285714285713,0.0
2024-12-21,5987.0,1,12,51,5,4,9.0,12.7,5.6,0.1,0,0,0.0,0.0,0.0,0.0,0.0,5130.0,6095.0,6205.0,5189.0,5367.857142857143,5432.033333333334,10.528571428571427,0.01428571428571454
2024-12-22,6184.0,1,12,51,6,4,10.6,14.4,8.0,0.3,0,0,0.0,0.0,0.0,0.0,0.0,5987.0,6283.0,6138.0,5118.0,5353.714285714285,5467.566666666667,10.4,0.0571428571428574
2024-12-23,4936.0,0,12,52,0,4,9.3,16.7,4.8,0.0,0,0,0.0,0.0,0.0,0.0,0.0,6184.0,5192.0,4824.0,6166.0,5317.142857142857,5426.566666666667,10.185714285714287,0.05714285714285739
2024-12-24,4767.0,0,12,52,1,4,10.3,16.8,5.4,0.0,0,0,0.0,0.0,0.0,0.0,0.0,4936.0,4848.0,5208.0,6170.0,5305.571428571428,5379.8,10.071428571428571,0.05714285714285739
2024-12-25,4870.0,0,12,52,2,4,10.5,16.5,6.3,0.0,0,0,0.0,0.0,0.0,0.0,0.0,4767.0,5244.0,5250.0,4935.0,5252.142857142857,5377.633333333333,10.1,0.05714285714285739
2024-12-26,5232.0,0,12,52,3,4,10.8,17.4,5.8,0.0,0,0,0.0,0.0,0.0,0.0,0.0,4870.0,4891.0,4734.0,5196.0,5300.857142857143,5378.833333333333,10.157142857142857,0.05714285714285739
2024-12-27,4793.0,0,12,52,4,4,10.6,17.8,5.4,0.0,0,0,0.0,0.0,0.0,0.0,0.0,5232.0,5130.0,5215.0,5511.0,5252.714285714285,5354.9,10.157142857142857,0.05714285714285739
2024-12-28,5769.0,1,12,52,5,4,10.9,17.9,5.7,0.0,0,0,0.0,0.0,0.0,0.0,0.0,4793.0,5987.0,6095.0,4883.0,5221.571428571428,5384.433333333333,10.428571428571429,0.0428571428571431
2024-12-29,5983.0,1,12,52,6,4,11.5,18.2,6.2,0.0,0,0,0.0,0.0,0.0,0.0,0.0,5769.0,6184.0,6283.0,5093.0,5192.857142857143,5414.1,10.557142857142859,0.0
2024-12-30,5021.0,0,12,1,0,4,11.5,16.2,7.8,0.0,0,0,0.0,0.0,0.0,0.0,0.0,5983.0,4936.0,5192.0,6405.0,5205.0,5367.966666666666,10.87142857142857,0.0
2024-12-31,5439.0,0,12,1,1,4,10.6,16.0,6.2,0.0,0,0,0.0,0.0,0.0,0.0,0.0,5021.0,4767.0,4848.0,6405.0,5301.0,5335.766666666666,10.914285714285713,0.0
2025-01-01,7658.125,0,1,1,2,1,10.0,16.7,4.7,0.0,0,0,0.0,0.0,0.0,0.0,0.0,5439.0,4870.0,5244.0,5183.0,5699.303571428572,5418.270833333333,10.842857142857142,0.0
2025-01-02,4834.0,0,1,1,3,1,10.0,16.9,5.3,0.0,0,0,0.0,0.0,0.0,0.0,0.0,7658.125,5232.0,4891.0,5473.0,5642.446428571428,5396.970833333334,10.728571428571428,0.0
2025-01-03,5109.0,0,1,1,4,1,10.3,17.0,5.7,0.0,0,0,0.0,0.0,0.0,0.0,0.0,4834.0,4793.0,5130.0,5006.0,5687.589285714285,5400.404166666666,10.685714285714287,0.0
2025-01-04,6213.0,1,1,1,5,1,10.6,17.8,5.3,0.0,0,0,0.0,0.0,0.0,0.0,0.0,5109.0,5769.0,5987.0,4914.0,5751.017857142857,5443.704166666666,10.642857142857142,0.0
2025-01-05,5923.0,1,1,1,6,1,11.0,17.0,7.7,0.3,0,0,0.0,0.0,0.0,0.0,0.0,6213.0,5983.0,6184.0,5259.0,5742.446428571428,5465.8375,10.571428571428571,0.04285714285714311
2025-01-06,5072.0,0,1,2,0,1,10.3,17.1,5.3,0.0,0,0,0.0,0.0,0.0,0.0,0.0,5923.0,5021.0,4936.0,6205.0,5749.732142857143,5428.070833333333,10.4,0.04285714285714311
2025-01-07,5153.0,0,1,2,1,1,11.1,16.3,6.7,0.0,0,0,0.0,0.0,0.0,0.0,0.0,5072.0,5439.0,4767.0,6138.0,5708.875,5395.2375,10.471428571428572,0.04285714285714311
2025-01-08,4811.0,0,1,2,2,1,9.1,11.1,7.0,2.1,0,0,0.0,0.0,0.0,0.0,0.0,5153.0,7658.125,4870.0,4824.0,5302.142857142857,5394.804166666667,10.342857142857143,0.3428571428571431
2025-01-09,4796.0,0,1,2,3,1,8.6,13.5,5.2,0.0,0,0,0.0,0.0,0.0,0.0,0.0,4811.0,4834.0,5232.0,5208.0,5296.714285714285,5381.070833333333,10.142857142857142,0.3428571428571431
2025-01-10,5081.0,0,1,2,4,1,9.5,14.2,5.0,0.0,0,0,0.0,0.0,0.0,0.0,0.0,4796.0,5109.0,4793.0,5250.0,5292.714285714285,5375.4375,10.028571428571428,0.3428571428571431
2025-01-11,5862.0,1,1,2,5,1,9.1,14.3,5.5,0.1,0,0,0.0,0.0,0.0,0.0,0.0,5081.0,6213.0,5769.0,4734.0,5242.571428571428,5413.0375,9.814285714285715,0.3571428571428574
2025-01-12,5766.0,1,1,2,6,1,8.7,13.3,5.6,0.0,0,0,0.0,0.0,0.0,0.0,0.0,5862.0,5923.0,5983.0,5215.0,5220.142857142857,5431.404166666666,9.485714285714286,0.31428571428571456
2025-01-13,4840.0,0,1,3,0,1,10.1,13.6,7.4,0.1,0,0,0.0,0.0,0.0,0.0,0.0,5766.0,5072.0,5021.0,6095.0,5187.0,5389.570833333333,9.457142857142857,0.32857142857142885
2025-01-14,4917.0,0,1,3,1,1,9.8,14.7,5.9,0.0,0,0,0.0,0.0,0.0,0.0,0.0,4840.0,5153.0,5439.0,6283.0,5153.285714285715,5344.0375,9.271428571428572,0.32857142857142885
2025-01-15,5055.0,0,1,3,2,1,9.4,15.2,5.1,0.1,0,0,0.0,0.0,0.0,0.0,0.0,4917.0,4811.0,7658.125,5192.0,5188.142857142857,5339.470833333334,9.314285714285715,0.042857142857143114
2025-01-16,4982.0,0,1,3,3,1,9.3,15.6,4.9,0.1,0,0,0.0,0.0,0.0,0.0,0.0,5055.0,4796.0,4834.0,4848.0,5214.714285714285,5343.9375,9.414285714285715,0.0571428571428574
2025-01-17,5094.0,0,1,3,4,1,10.7,18.2,5.3,0.0,0,0,0.0,0.0,0.0,0.0,0.0,4982.0,5081.0,5109.0,5244.0,5216.571428571428,5338.9375,9.585714285714285,0.0571428571428574
2025-01-18,6528.0,1,1,3,5,1,11.7,19.6,5.7,0.0,0,0,0.0,0.0,0.0,0.0,0.0,5094.0,5862.0,6213.0,4891.0,5311.714285714285,5393.504166666667,9.957142857142857,0.042857142857143114
2025-01-19,6492.0,1,1,3,6,1,11.8,19.2,5.6,0.0,0,0,0.0,0.0,0.0,0.0,0.0,6528.0,5766.0,5923.0,5130.0,5415.428571428572,5438.904166666666,10.4,0.042857142857143114
2025-01-20,5040.0,0,1,4,0,1,11.4,19.2,5.2,0.0,0,0,0.0,0.0,0.0,0.0,0.0,6492.0,4840.0,5072.0,5987.0,5444.0,5407.3375,10.585714285714285,0.028571428571428827
2025-01-21,5083.0,0,1,4,1,1,11.4,18.2,5.6,0.0,0,0,0.0,0.0,0.0,0.0,0.0,5040.0,4917.0,5153.0,6184.0,5467.714285714285,5370.6375,10.814285714285715,0.028571428571428827
2025-01-22,5288.0,0,1,4,2,1,11.5,17.9,6.3,0.0,0,0,0.0,0.0,0.0,0.0,0.0,5083.0,5055.0,4811.0,4936.0,5501.0,5382.370833333333,11.114285714285714,0.01428571428571454
2025-01-23,4851.0,0,1,4,3,1,12.0,19.1,6.7,0.0,0,0,0.0,0.0,0.0,0.0,0.0,5288.0,4982.0,4796.0,4767.0,5482.285714285715,5385.170833333334,11.5,0.0
2025-01-24,5179.0,0,1,4,4,1,12.3,19.6,7.2,0.0,0,0,0.0,0.0,0.0,0.0,0.0,4851.0,5094.0,5081.0,4870.0,5494.428571428572,5395.470833333334,11.728571428571428,0.0
2025-01-25,6476.0,1,1,4,5,1,11.2,15.1,7.6,0.0,0,0,0.0,0.0,0.0,0.0,0.0,5179.0,6528.0,5862.0,5232.0,5487.0,5436.9375,11.657142857142858,0.0
2025-01-26,5955.0,1,1,4,6,1,7.1,9.9,3.6,0.6,0,0,0.0,0.0,0.0,0.0,0.0,6476.0,6492.0,5766.0,4793.0,5410.285714285715,5475.670833333334,10.985714285714284,0.08571428571428596
2025-01-27,4376.0,0,1,5,0,1,3.7,5.7,1.8,5.4375,0,0,0.0,0.0,0.0,0.0,0.0,5955.0,5040.0,4840.0,5769.0,5315.428571428572,5429.2375,9.885714285714286,0.8625000000000002
2025-01-28,4326.0,0,1,5,1,1,4.6,5.8,3.4,5.4375,0,0,0.0,0.0,0.0,0.0,0.0,4376.0,5083.0,4917.0,5983.0,5207.285714285715,5374.004166666667,8.914285714285715,1.6392857142857145
2025-01-29,7658.125,0,1,5,2,1,7.9,13.6,2.9,0.0,0,0,0.0,0.0,0.0,0.0,0.0,4326.0,5288.0,5055.0,5021.0,5545.875,5461.908333333334,8.4,1.6392857142857145
2025-01-30,7658.125,0,1,5,3,1,9.9,13.4,6.3,0.0,0,0,0.0,0.0,0.0,0.0,0.0,7658.125,4851.0,4982.0,5439.0,5946.892857142857,5535.879166666667,8.1,1.6392857142857145
2025-01-31,7658.125,0,1,5,4,1,10.5,17.0,5.7,0.0,0,0,0.0,0.0,0.0,0.0,0.0,7658.125,5179.0,5094.0,7658.125,6301.053571428572,5535.879166666667,7.842857142857143,1.6392857142857145
2025-02-01,5949.0,1,2,5,5,1,10.6,17.9,5.0,0.0,0,0,0.0,0.0,0.0,0.0,0.0,7658.125,6476.0,6528.0,4834.0,6225.767857142857,5573.045833333334,7.757142857142857,1.6392857142857145
2025-02-02,5912.0,1,2,5,6,1,10.7,17.4,5.3,0.0,0,0,0.0,0.0,0.0,0.0,0.0,5949.0,5955.0,6492.0,5109.0,6219.625,5599.8125,8.27142857142857,1.5535714285714288
2025-02-03,4904.0,0,2,6,0,1,10.6,17.1,5.0,0.0,0,0,0.0,0.0,0.0,0.0,0.0,5912.0,4376.0,5040.0,6213.0,6295.053571428572,5556.179166666667,9.257142857142856,0.7767857142857145
2025-02-04,5141.0,0,2,6,1,1,10.9,18.7,5.5,0.0,0,0,0.0,0.0,0.0,0.0,0.0,4904.0,4326.0,5083.0,5923.0,6411.482142857143,5530.1125,10.157142857142857,0.0
2025-02-05,4811.0,0,2,6,2,1,12.2,19.6,5.8,0.0,0,0,0.0,0.0,0.0,0.0,0.0,5141.0,7658.125,5288.0,5072.0,6004.75,5521.4125,10.771428571428572,0.0
2025-02-06,4873.0,0,2,6,3,1,12.6,19.6,7.2,0.0,0,0,0.0,0.0,0.0,0.0,0.0,4811.0,7658.125,4851.0,5153.0,5606.875,5512.079166666666,11.157142857142857,0.0
2025-02-07,4974.0,0,2,6,4,1,12.2,19.9,6.2,0.0,0,0,0.0,0.0,0.0,0.0,0.0,4873.0,7658.125,5179.0,4811.0,5223.428571428572,5517.5125,11.4,0.0
2025-02-08,6145.0,1,2,6,5,1,11.8,18.6,5.6,0.0,0,0,0.0,0.0,0.0,0.0,0.0,4974.0,5949.0,6476.0,4796.0,5251.428571428572,5562.479166666667,11.571428571428571,0.0
2025-02-09,6277.0,1,2,6,6,1,12.1,18.0,6.2,0.0,0,0,0.0,0.0,0.0,0.0,0.0,6145.0,5912.0,5955.0,5081.0,5303.571428571428,5602.345833333334,11.77142857142857,0.0
2025-02-10,4934.0,0,2,7,0,1,12.4,18.1,7.3,0.0,0,0,0.0,0.0,0.0,0.0,0.0,6277.0,4904.0,4376.0,5862.0,5307.857142857143,5571.4125,12.028571428571428,0.0
2025-02-11,4902.0,0,2,7,1,1,12.4,18.3,6.9,0.0,0,0,0.0,0.0,0.0,0.0,0.0,4934.0,5141.0,4326.0,5766.0,5273.714285714285,5542.6125,12.242857142857144,0.0
2025-02-12,5099.0,0,2,7,2,1,11.7,17.4,6.2,0.0,0,0,0.0,0.0,0.0,0.0,0.0,4902.0,4811.0,7658.125,4840.0,5314.857142857143,5551.245833333333,12.171428571428569,0.0
2025-02-13,5017.0,0,2,7,3,1,10.2,15.6,6.2,1.0,0,0,0.0,0.0,0.0,0.0,0.0,5099.0,4873.0,7658.125,4917.0,5335.428571428572,5554.579166666666,11.828571428571427,0.1428571428571431
2025-02-14,4818.0,0,2,7,4,1,9.4,13.0,6.2,5.1,0,0,0.0,0.0,0.0,0.0,0.0,5017.0,4974.0,7658.125,5055.0,5313.142857142857,5546.679166666667,11.428571428571429,0.8714285714285717
2025-02-15,6124.0,1,2,7,5,1,10.5,16.4,5.4,0.0,0,0,0.0,0.0,0.0,0.0,0.0,4818.0,6145.0,5949.0,4982.0,5310.142857142857,5584.745833333333,11.242857142857144,0.8714285714285717
2025-02-16,6119.0,1,2,7,6,1,9.5,13.8,6.1,1.8,0,0,0.0,0.0,0.0,0.0,0.0,6124.0,6277.0,5912.0,5094.0,5287.571428571428,5618.9125,10.871428571428572,1.1285714285714288
2025-02-17,4981.0,0,2,8,0,1,10.3,16.7,5.3,0.1,0,0,0.0,0.0,0.0,0.0,0.0,6119.0,4934.0,4904.0,6528.0,5294.285714285715,5567.345833333334,10.571428571428571,1.142857142857143
2025-02-18,4941.0,0,2,8,1,1,10.8,17.4,5.1,0.0,0,0,0.0,0.0,0.0,0.0,0.0,4981.0,4902.0,5141.0,6492.0,5299.857142857143,5515.645833333333,10.342857142857143,1.142857142857143
2025-02-19,4862.0,0,2,8,2,1,10.1,15.4,7.0,0.8,0,0,0.0,0.0,0.0,0.0,0.0,4941.0,5099.0,4811.0,5040.0,5266.0,5509.7125,10.114285714285714,1.2571428571428573
2025-02-20,5081.0,0,2,8,3,1,10.8,17.9,5.0,0.0,0,0,0.0,0.0,0.0,0.0,0.0,4862.0,5017.0,4873.0,5083.0,5275.142857142857,5509.645833333333,10.200000000000001,1.1142857142857145
2025-02-21,4953.0,0,2,8,4,1,11.3,18.1,5.4,0.0,0,0,0.0,0.0,0.0,0.0,0.0,5081.0,4818.0,4974.0,5288.0,5294.428571428572,5498.479166666667,10.471428571428572,0.385714285714286
2025-02-22,6278.0,1,2,8,5,1,11.7,18.0,6.3,0.0,0,0,0.0,0.0,0.0,0.0,0.0,4953.0,6124.0,6145.0,4851.0,5316.428571428572,5546.045833333334,10.642857142857142,0.385714285714286
2025-02-23,6116.0,1,2,8,6,1,12.1,19.3,6.1,0.0,0,0,0.0,0.0,0.0,0.0,0.0,6278.0,6119.0,6277.0,5179.0,5316.0,5577.279166666666,11.014285714285714,0.12857142857142884
2025-02-24,4988.0,0,2,9,0,1,11.9,17.6,7.4,0.0,0,0,0.0,0.0,0.0,0.0,0.0,6116.0,4981.0,4934.0,6476.0,5317.0,5527.679166666667,11.242857142857144,0.11428571428571455
2025-02-25,4843.0,0,2,9,1,1,11.6,18.2,6.4,0.1,0,0,0.0,0.0,0.0,0.0,0.0,4988.0,4941.0,4902.0,5955.0,5303.0,5490.6125,11.357142857142858,0.12857142857142884
2025-02-26,4853.0,0,2,9,2,1,11.8,19.3,5.8,0.1,0,0,0.0,0.0,0.0,0.0,0.0,4843.0,4862.0,5099.0,4376.0,5301.714285714285,5506.5125,11.599999999999998,0.028571428571428827
2025-02-27,5076.0,0,2,9,3,1,12.4,21.1,4.9,0.0,0,0,0.0,0.0,0.0,0.0,0.0,4853.0,5081.0,5017.0,4326.0,5301.0,5531.5125,11.828571428571427,0.028571428571428827
2025-02-28,5136.0,0,2,9,4,1,13.4,22.4,6.1,0.0,0,0,0.0,0.0,0.0,0.0,0.0,5076.0,4953.0,4818.0,7658.125,5327.142857142857,5447.441666666667,12.12857142857143,0.028571428571428827
2025-03-01,6251.0,1,3,9,5,1,13.2,19.5,8.1,0.0,0,0,0.0,0.0,0.0,0.0,0.0,5136.0,6278.0,6124.0,7658.125,5323.285714285715,5400.5375,12.342857142857143,0.028571428571428827
2025-03-02,6067.0,1,3,9,6,1,12.2,18.6,8.3,0.9,0,0,0.0,0.0,0.0,0.0,0.0,6251.0,6116.0,6119.0,7658.125,5316.285714285715,5347.5,12.357142857142858,0.15714285714285742
2025-03-03,5213.0,0,3,10,0,1,12.1,17.8,6.8,0.0,0,0,0.0,0.0,0.0,0.0,0.0,6067.0,4988.0,4981.0,5949.0,5348.428571428572,5322.966666666666,12.385714285714286,0.15714285714285742
2025-03-04,4836.0,0,3,10,1,1,12.8,20.1,7.4,0.0,0,0,0.0,0.0,0.0,0.0,0.0,5213.0,4843.0,4941.0,5912.0,5347.428571428572,5287.1,12.557142857142859,0.1428571428571431
2025-03-05,5151.0,0,3,10,2,1,13.3,20.5,7.4,0.0,0,0,0.0,0.0,0.0,0.0,0.0,4836.0,4853.0,4862.0,4904.0,5390.0,5295.333333333333,12.77142857142857,0.12857142857142884
2025-03-06,5421.0,0,3,10,3,1,13.2,20.4,7.0,0.0,0,0,0.0,0.0,0.0,0.0,0.0,5151.0,5076.0,5081.0,5141.0,5439.285714285715,5304.666666666667,12.885714285714286,0.1285714285714288
2025-03-07,5362.0,0,3,10,4,1,12.9,19.2,7.3,0.6,0,0,0.0,0.0,0.0,0.0,0.0,5421.0,5136.0,4953.0,4811.0,5471.571428571428,5323.033333333334,12.814285714285713,0.21428571428571455
2025-03-08,6572.0,1,3,10,5,1,13.7,20.2,8.1,0.1,0,0,0.0,0.0,0.0,0.0,0.0,5362.0,6251.0,6278.0,4873.0,5517.428571428572,5379.666666666667,12.885714285714286,0.22857142857142881
2025-03-09,6522.0,1,3,10,6,1,13.9,20.7,8.2,0.0,0,0,0.0,0.0,0.0,0.0,0.0,6572.0,6067.0,6116.0,4974.0,5582.428571428572,5431.266666666666,13.12857142857143,0.10000000000000024
2025-03-10,5374.0,0,3,11,0,1,14.7,22.4,7.9,0.0,0,0,0.0,0.0,0.0,0.0,0.0,6522.0,5213.0,4988.0,6145.0,5605.428571428572,5405.566666666667,13.5,0.10000000000000024
2025-03-11,5203.0,0,3,11,1,1,15.2,23.2,7.7,0.0,0,0,0.0,0.0,0.0,0.0,0.0,5374.0,4836.0,4843.0,6277.0,5657.857142857143,5369.766666666666,13.842857142857142,0.10000000000000024
2025-03-12,5304.0,0,3,11,2,1,15.2,22.2,8.5,0.0,0,0,0.0,0.0,0.0,0.0,0.0,5203.0,5151.0,4853.0,4934.0,5679.714285714285,5382.1,14.114285714285714,0.10000000000000024
2025-03-13,5105.0,0,3,11,3,1,13.6,19.6,8.3,0.3,0,0,0.0,0.0,0.0,0.0,0.0,5304.0,5421.0,5076.0,4902.0,5634.571428571428,5388.866666666667,14.171428571428569,0.1428571428571431
2025-03-14,5367.0,0,3,11,4,1,12.8,18.0,8.0,0.0,0,0,0.0,0.0,0.0,0.0,0.0,5105.0,5362.0,5136.0,5099.0,5635.285714285715,5397.8,14.157142857142857,0.0571428571428574
2025-03-15,6245.0,1,3,11,5,1,14.2,20.1,8.8,0.0,0,0,0.0,0.0,0.0,0.0,0.0,5367.0,6572.0,6251.0,5017.0,5588.571428571428,5438.733333333334,14.228571428571428,0.042857142857143114
2025-03-16,5968.0,1,3,11,6,1,14.0,19.9,8.3,0.3,0,0,0.0,0.0,0.0,0.0,0.0,6245.0,6522.0,6067.0,4818.0,5509.428571428572,5477.066666666667,14.242857142857142,0.08571428571428598
2025-03-17,5363.0,0,3,12,0,1,15.5,21.6,10.4,0.3,0,0,0.0,0.0,0.0,0.0,0.0,5968.0,5374.0,5213.0,6124.0,5507.857142857143,5451.7,14.357142857142858,0.12857142857142884
2025-03-18,5211.0,0,3,12,1,1,13.9,20.2,8.8,4.7,0,0,0.0,0.0,0.0,0.0,0.0,5363.0,5203.0,4836.0,6119.0,5509.0,5421.433333333333,14.171428571428573,0.8000000000000004
2025-03-19,4907.0,0,3,12,2,1,9.7,14.8,6.1,1.5,0,0,0.0,0.0,0.0,0.0,0.0,5211.0,5304.0,5151.0,4981.0,5452.285714285715,5418.966666666666,13.385714285714286,1.0142857142857147
2025-03-20,4969.0,0,3,12,3,1,11.9,16.6,8.6,0.0,0,0,0.0,0.0,0.0,0.0,0.0,4907.0,5105.0,5421.0,4941.0,5432.857142857143,5419.9,13.142857142857142,0.9714285714285718
2025-03-21,5293.0,0,3,12,4,1,13.6,19.5,9.7,0.5,0,0,0.0,0.0,0.0,0.0,0.0,4969.0,5367.0,5362.0,4862.0,5422.285714285715,5434.266666666666,13.257142857142856,1.0428571428571431
2025-03-22,6642.0,1,3,12,5,1,14.5,19.9,10.4,0.1,0,0,0.0,0.0,0.0,0.0,0.0,5293.0,6245.0,6572.0,5081.0,5479.0,5486.3,13.299999999999999,1.0571428571428574
2025-03-23,5729.0,1,3,12,6,1,13.5,19.0,10.1,0.1,0,0,0.0,0.0,0.0,0.0,0.0,6642.0,5968.0,6522.0,4953.0,5444.857142857143,5512.166666666667,13.228571428571428,1.028571428571429
2025-03-24,5310.0,0,3,13,0,1,13.7,19.9,8.7,0.0,0,0,0.0,0.0,0.0,0.0,0.0,5729.0,5363.0,5374.0,6278.0,5437.285714285715,5479.9,12.971428571428572,0.985714285714286
2025-03-25,5214.0,0,3,13,1,1,14.6,22.2,7.9,0.0,0,0,0.0,0.0,0.0,0.0,0.0,5310.0,5211.0,5203.0,6116.0,5437.714285714285,5449.833333333333,13.071428571428571,0.31428571428571456
2025-03-26,5269.0,0,3,13,2,1,15.7,23.7,8.5,0.0,0,0,0.0,0.0,0.0,0.0,0.0,5214.0,4907.0,5304.0,4988.0,5489.428571428572,5459.2,13.928571428571429,0.10000000000000024
2025-03-27,5223.0,0,3,13,3,1,16.5,24.9,8.9,0.0,0,0,0.0,0.0,0.0,0.0,0.0,5269.0,4969.0,5105.0,4843.0,5525.714285714285,5471.866666666667,14.585714285714285,0.10000000000000024
2025-03-28,5214.0,0,3,13,4,1,17.3,25.3,9.6,0.0,0,0,0.0,0.0,0.0,0.0,0.0,5223.0,5293.0,5367.0,4853.0,5514.428571428572,5483.9,15.114285714285714,0.028571428571428827
2025-03-29,6594.0,1,3,13,5,1,17.5,23.4,11.8,0.0,0,0,0.0,0.0,0.0,0.0,0.0,5214.0,6642.0,6245.0,5076.0,5507.571428571428,5534.5,15.542857142857143,0.01428571428571454
2025-03-30,6496.0,1,3,13,6,1,18.1,25.5,10.8,0.0,0,0,0.0,0.0,0.0,0.0,0.0,6594.0,5729.0,5968.0,5136.0,5617.142857142857,5579.833333333333,16.2,0.0
2025-03-31,5506.0,0,3,14,0,1,18.3,26.2,11.0,0.0,0,0,0.0,0.0,0.0,0.0,0.0,6496.0,5310.0,5363.0,6251.0,5645.142857142857,5555.0,16.857142857142858,0.0
2025-04-01,5342.0,0,4,14,1,2,18.4,26.4,12.0,0.0,0,0,0.0,0.0,0.0,0.0,0.0,5506.0,5214.0,5211.0,6067.0,5663.428571428572,5530.833333333333,17.4,0.0
2025-04-02,5577.0,0,4,14,2,2,18.6,26.2,12.0,0.0,0,0,0.0,0.0,0.0,0.0,0.0,5342.0,5269.0,4907.0,5213.0,5707.428571428572,5542.966666666666,17.814285714285713,0.0
2025-04-03,5060.0,0,4,14,3,2,19.0,27.6,11.7,0.0,0,0,0.0,0.0,0.0,0.0,0.0,5577.0,5223.0,4969.0,4836.0,5684.142857142857,5550.433333333333,18.17142857142857,0.0
2025-04-04,7658.125,0,4,14,4,2,19.6,27.0,12.4,0.0,0,0,0.0,0.0,0.0,0.0,0.0,5060.0,5214.0,5293.0,5151.0,6033.303571428572,5634.004166666667,18.5,0.0
2025-04-05,5996.0,1,4,14,5,2,16.6,21.2,12.8,1.9,0,0,0.0,0.0,0.0,0.0,0.0,7658.125,6594.0,6642.0,5421.0,5947.875,5653.170833333334,18.37142857142857,0.2714285714285717
2025-04-06,6456.0,1,4,14,6,2,16.6,23.7,9.9,0.0,0,0,0.0,0.0,0.0,0.0,0.0,5996.0,6496.0,5729.0,5362.0,5942.160714285715,5689.6375,18.15714285714286,0.2714285714285717
2025-04-07,5292.0,0,4,15,0,2,17.5,23.8,10.6,0.0,0,0,0.0,0.0,0.0,0.0,0.0,6456.0,5506.0,5310.0,6572.0,5911.589285714285,5646.970833333334,18.04285714285714,0.2714285714285717
2025-04-08,5466.0,0,4,15,1,2,18.7,25.0,12.7,0.0,0,0,0.0,0.0,0.0,0.0,0.0,5292.0,5342.0,5214.0,6522.0,5929.303571428572,5611.770833333333,18.085714285714285,0.2714285714285717
2025-04-09,5634.0,0,4,15,2,2,19.4,26.6,12.3,0.0,0,0,0.0,0.0,0.0,0.0,0.0,5466.0,5577.0,5269.0,5374.0,5937.446428571428,5620.4375,18.2,0.2714285714285717
2025-04-10,5292.0,0,4,15,3,2,18.9,26.0,11.3,0.0,0,0,0.0,0.0,0.0,0.0,0.0,5634.0,5060.0,5223.0,5203.0,5970.589285714285,5623.404166666666,18.185714285714287,0.2714285714285717
2025-04-11,5117.0,0,4,15,4,2,18.4,24.5,12.5,0.3,0,0,0.0,0.0,0.0,0.0,0.0,5292.0,7658.125,5214.0,5304.0,5607.571428571428,5617.170833333334,18.014285714285712,0.3142857142857145
2025-04-12,6166.0,1,4,15,5,2,17.4,24.6,12.6,4.5,0,0,0.0,0.0,0.0,0.0,0.0,5117.0,5996.0,6594.0,5105.0,5631.857142857143,5652.5375,18.128571428571426,0.6857142857142859
2025-04-13,6207.0,1,4,15,6,2,15.1,22.4,10.6,0.7,0,0,0.0,0.0,0.0,0.0,0.0,6166.0,6456.0,6496.0,5367.0,5596.285714285715,5680.5375,17.914285714285715,0.7857142857142859
2025-04-14,5257.0,0,4,16,0,2,18.1,25.8,11.8,0.0,0,0,0.0,0.0,0.0,0.0,0.0,6207.0,5292.0,5506.0,6245.0,5591.285714285715,5647.604166666667,18.0,0.7857142857142859
2025-04-15,5131.0,0,4,16,1,2,18.5,24.1,13.4,0.3,0,0,0.0,0.0,0.0,0.0,0.0,5257.0,5466.0,5342.0,5968.0,5543.428571428572,5619.704166666666,17.97142857142857,0.8285714285714288
2025-04-16,5353.0,0,4,16,2,2,18.5,25.5,13.3,0.0,0,0,0.0,0.0,0.0,0.0,0.0,5131.0,5634.0,5577.0,5363.0,5503.285714285715,5619.370833333333,17.842857142857145,0.8285714285714288
2025-04-17,5375.0,0,4,16,3,2,18.3,25.2,13.5,0.0,0,0,0.0,0.0,0.0,0.0,0.0,5353.0,5292.0,5060.0,5211.0,5515.142857142857,5624.8375,17.757142857142856,0.8285714285714288
2025-04-18,5170.0,0,4,16,4,2,18.2,24.5,12.6,0.1,0,0,0.0,0.0,0.0,0.0,0.0,5375.0,5117.0,7658.125,4907.0,5522.714285714285,5633.604166666667,17.72857142857143,0.8000000000000002
2025-04-19,6596.0,1,4,16,5,2,18.3,24.7,12.5,0.0,0,0,0.0,0.0,0.0,0.0,0.0,5170.0,6166.0,5996.0,4969.0,5584.142857142857,5687.8375,17.857142857142858,0.1571428571428574
2025-04-20,6616.0,1,4,16,6,2,19.0,25.8,13.1,0.1,0,0,0.0,0.0,0.0,0.0,0.0,6596.0,6207.0,6456.0,5293.0,5642.571428571428,5731.9375,18.414285714285715,0.07142857142857169
2025-04-21,5394.0,0,4,17,0,2,19.2,25.3,14.0,0.1,0,0,0.0,0.0,0.0,0.0,0.0,6616.0,5257.0,5292.0,6642.0,5662.142857142857,5690.3375,18.571428571428573,0.08571428571428596
2025-04-22,5295.0,0,4,17,1,2,19.5,26.5,14.0,0.0,0,0,0.0,0.0,0.0,0.0,0.0,5394.0,5131.0,5466.0,5729.0,5685.571428571428,5675.870833333333,18.714285714285715,0.042857142857143114
2025-04-23,5459.0,0,4,17,2,2,19.0,25.7,13.9,0.6,0,0,0.0,0.0,0.0,0.0,0.0,5295.0,5353.0,5634.0,5310.0,5700.714285714285,5680.8375,18.785714285714285,0.12857142857142884
2025-04-24,5426.0,0,4,17,3,2,19.0,25.9,13.7,0.5,0,0,0.0,0.0,0.0,0.0,0.0,5459.0,5375.0,5292.0,5214.0,5708.0,5687.904166666666,18.885714285714283,0.20000000000000023
2025-04-25,5167.0,0,4,17,4,2,18.6,24.2,13.1,0.0,0,0,0.0,0.0,0.0,0.0,0.0,5426.0,5170.0,5117.0,5269.0,5707.571428571428,5684.504166666667,18.942857142857143,0.18571428571428594
2025-04-26,6252.0,1,4,17,5,2,19.4,25.8,13.5,0.0,0,0,0.0,0.0,0.0,0.0,0.0,5167.0,6596.0,6166.0,5223.0,5658.428571428572,5718.804166666667,19.099999999999998,0.18571428571428594
2025-04-27,6392.0,1,4,17,6,2,20.2,28.1,12.8,0.0,0,0,0.0,0.0,0.0,0.0,0.0,6252.0,6616.0,6207.0,5214.0,5626.428571428572,5758.070833333333,19.271428571428572,0.1714285714285717
2025-04-28,5469.0,0,4,18,0,2,20.0,27.0,13.1,0.0,0,0,0.0,0.0,0.0,0.0,0.0,6392.0,5394.0,5257.0,6594.0,5637.142857142857,5720.570833333333,19.385714285714283,0.15714285714285742
2025-04-29,5240.0,0,4,18,1,2,20.3,25.6,15.5,0.0,0,0,0.0,0.0,0.0,0.0,0.0,5469.0,5295.0,5131.0,6496.0,5629.285714285715,5678.704166666666,19.5,0.15714285714285742
2025-04-30,5470.0,0,4,18,2,2,19.1,26.2,15.2,1.1,0,0,0.0,0.0,0.0,0.0,0.0,5240.0,5459.0,5353.0,5506.0,5630.857142857143,5677.504166666667,19.514285714285712,0.22857142857142884
2025-05-01,7658.125,0,5,18,3,2,15.3,17.4,13.8,5.4375,0,0,0.0,0.0,0.0,0.0,0.0,5470.0,5426.0,5375.0,5342.0,5949.732142857143,5754.708333333333,18.985714285714288,0.9339285714285717
2025-05-02,5201.0,0,5,18,4,2,15.3,19.4,13.4,1.3,0,0,0.0,0.0,0.0,0.0,0.0,7658.125,5167.0,5170.0,5577.0,5954.589285714285,5742.175,18.514285714285716,1.1196428571428574
2025-05-03,6274.0,1,5,18,5,2,16.7,22.2,12.1,0.8,0,0,0.0,0.0,0.0,0.0,0.0,5201.0,6252.0,6596.0,5060.0,5957.732142857143,5782.641666666666,18.12857142857143,1.2339285714285715
2025-05-04,6592.0,1,5,18,6,2,18.2,24.9,12.3,0.0,0,0,0.0,0.0,0.0,0.0,0.0,6274.0,6392.0,6616.0,7658.125,5986.303571428572,5747.104166666667,17.842857142857145,1.2339285714285715
2025-05-05,5532.0,0,5,19,0,2,19.4,26.2,13.2,0.0,0,0,0.0,0.0,0.0,0.0,0.0,6592.0,5469.0,5394.0,5996.0,5995.303571428572,5731.6375,17.757142857142856,1.2339285714285715
2025-05-06,5181.0,0,5,19,1,2,20.0,25.9,13.9,0.1,0,0,0.0,0.0,0.0,0.0,0.0,5532.0,5240.0,5295.0,6456.0,5986.875,5689.1375,17.714285714285715,1.2482142857142857
2025-05-07,5447.0,0,5,19,2,2,20.3,27.4,14.7,0.0,0,0,0.0,0.0,0.0,0.0,0.0,5181.0,5470.0,5459.0,5292.0,5983.589285714285,5694.304166666667,17.885714285714286,1.091071428571429
2025-05-08,5397.0,0,5,19,3,2,20.4,27.3,14.7,0.1,0,0,0.0,0.0,0.0,0.0,0.0,5447.0,7658.125,5426.0,5466.0,5660.571428571428,5692.004166666667,18.61428571428571,0.32857142857142885
2025-05-09,5569.0,0,5,19,4,2,21.2,28.8,13.7,0.0,0,0,0.0,0.0,0.0,0.0,0.0,5397.0,5201.0,5167.0,5634.0,5713.142857142857,5689.8375,19.457142857142856,0.1428571428571431
2025-05-10,6632.0,1,5,19,5,2,21.2,28.3,15.5,1.6,0,0,0.0,0.0,0.0,0.0,0.0,5569.0,6274.0,6252.0,5292.0,5764.285714285715,5734.504166666667,20.099999999999998,0.2571428571428574
2025-05-11,6096.0,1,5,19,6,2,19.3,26.0,14.8,1.3,0,0,0.0,0.0,0.0,0.0,0.0,6632.0,6592.0,6392.0,5117.0,5693.428571428572,5767.1375,20.25714285714286,0.4428571428571431
2025-05-12,5815.0,0,5,20,0,2,20.0,26.4,15.5,0.8,0,0,0.0,0.0,0.0,0.0,0.0,6096.0,5532.0,5469.0,6166.0,5733.857142857143,5755.4375,20.342857142857145,0.5571428571428575
2025-05-13,4916.0,0,5,20,1,2,19.7,25.5,15.0,0.5,0,0,0.0,0.0,0.0,0.0,0.0,5815.0,5181.0,5240.0,6207.0,5696.0,5712.404166666666,20.3,0.6142857142857145
2025-05-14,5292.0,0,5,20,2,2,20.7,26.8,15.8,0.1,0,0,0.0,0.0,0.0,0.0,0.0,4916.0,5447.0,5470.0,5257.0,5673.857142857143,5713.570833333333,20.357142857142858,0.6285714285714289
2025-05-15,5899.0,0,5,20,3,2,21.2,27.0,15.7,0.0,0,0,0.0,0.0,0.0,0.0,0.0,5292.0,5397.0,7658.125,5131.0,5745.571428571428,5739.170833333334,20.471428571428568,0.6142857142857147
2025-05-16,5505.0,0,5,20,4,2,21.5,26.8,16.0,0.4,0,0,0.0,0.0,0.0,0.0,0.0,5899.0,5569.0,5201.0,5353.0,5736.428571428572,5744.2375,20.514285714285712,0.6714285714285717
2025-05-17,6800.0,1,5,20,5,2,21.5,27.8,16.0,0.0,0,0,0.0,0.0,0.0,0.0,0.0,5505.0,6632.0,6274.0,5375.0,5760.428571428572,5791.7375,20.557142857142857,0.44285714285714306
2025-05-18,6366.0,1,5,20,6,2,21.8,27.8,16.2,0.0,0,0,0.0,0.0,0.0,0.0,0.0,6800.0,6096.0,6592.0,5170.0,5799.0,5831.604166666667,20.91428571428571,0.2571428571428574
2025-05-19,5277.0,0,5,21,0,2,21.9,28.0,17.0,0.8,0,0,0.0,0.0,0.0,0.0,0.0,6366.0,5815.0,5532.0,6596.0,5722.142857142857,5787.6375,21.185714285714283,0.2571428571428574
2025-05-20,5493.0,0,5,21,1,2,22.0,28.4,16.5,0.2,0,0,0.0,0.0,0.0,0.0,0.0,5277.0,4916.0,5181.0,6616.0,5804.571428571428,5750.204166666666,21.514285714285712,0.21428571428571455
2025-05-21,5117.0,0,5,21,2,2,21.8,26.2,16.6,0.2,0,0,0.0,0.0,0.0,0.0,0.0,5493.0,5292.0,5447.0,5394.0,5779.571428571428,5740.970833333334,21.67142857142857,0.22857142857142884
2025-05-22,5259.0,0,5,21,3,2,22.9,29.6,16.4,0.0,0,0,0.0,0.0,0.0,0.0,0.0,5117.0,5899.0,5397.0,5295.0,5688.142857142857,5739.770833333333,21.914285714285715,0.22857142857142884
2025-05-23,5085.0,0,5,21,4,2,17.6,22.1,15.9,5.4375,0,0,0.0,0.0,0.0,0.0,0.0,5259.0,5505.0,5569.0,5459.0,5628.142857142857,5727.304166666667,21.357142857142858,0.948214285714286
2025-05-24,5767.0,1,5,21,5,2,15.1,15.9,14.2,5.4375,0,0,0.0,0.0,0.0,0.0,0.0,5085.0,6800.0,6632.0,5426.0,5480.571428571428,5738.670833333334,20.442857142857143,1.7250000000000003
2025-05-25,6080.0,1,5,21,6,2,14.7,16.1,13.9,5.4375,0,0,0.0,0.0,0.0,0.0,0.0,5767.0,6366.0,6096.0,5167.0,5439.714285714285,5769.104166666667,19.428571428571427,2.5017857142857145
2025-05-26,4939.0,0,5,22,0,2,15.5,17.1,13.6,5.4375,0,0,0.0,0.0,0.0,0.0,0.0,6080.0,5277.0,5815.0,6252.0,5391.428571428572,5725.3375,18.514285714285712,3.1642857142857146
2025-05-27,5054.0,0,5,22,1,2,17.1,20.6,15.3,5.4375,0,0,0.0,0.0,0.0,0.0,0.0,4939.0,5493.0,4916.0,6392.0,5328.714285714285,5680.7375,17.814285714285713,3.9125000000000005
2025-05-28,5172.0,0,5,22,2,2,17.7,19.9,16.0,5.4375,0,0,0.0,0.0,0.0,0.0,0.0,5054.0,5117.0,5292.0,5469.0,5336.571428571428,5670.8375,17.228571428571428,4.660714285714286
2025-05-29,4684.0,0,5,22,3,2,18.3,22.2,16.6,5.4375,0,0,0.0,0.0,0.0,0.0,0.0,5172.0,5259.0,5899.0,5240.0,5254.428571428572,5652.304166666667,16.571428571428573,5.4375
2025-05-30,5174.0,0,5,22,4,2,19.9,24.4,17.0,5.4375,0,0,0.0,0.0,0.0,0.0,0.0,4684.0,5085.0,5505.0,5470.0,5267.142857142857,5642.4375,16.9,5.4375
2025-05-31,7658.125,1,5,22,5,2,20.0,23.4,17.6,3.8,0,0,0.0,0.0,0.0,0.0,0.0,5174.0,5767.0,6800.0,7658.125,5537.303571428572,5642.4375,17.6,5.203571428571429
2025-06-01,6423.0,1,6,22,6,2,20.2,24.1,17.5,2.7,0,0,0.0,0.0,0.0,0.0,0.0,7658.125,6080.0,6366.0,5201.0,5586.303571428572,5683.170833333334,18.385714285714283,4.8125
2025-06-02,7658.125,0,6,23,0,2,20.0,24.5,17.8,5.4375,0,0,0.0,0.0,0.0,0.0,0.0,6423.0,4939.0,5277.0,6274.0,5974.75,5729.308333333333,19.02857142857143,4.8125
2025-06-03,5275.0,0,6,23,1,2,19.3,23.7,17.0,5.4375,0,0,0.0,0.0,0.0,0.0,0.0,7658.125,5054.0,5493.0,6592.0,6006.321428571428,5685.408333333334,19.342857142857145,4.8125
2025-06-04,5378.0,0,6,23,2,2,19.8,25.0,16.4,1.4,0,0,0.0,0.0,0.0,0.0,0.0,5275.0,5172.0,5117.0,5532.0,6035.75,5680.275,19.642857142857142,4.235714285714286
2025-06-05,5344.0,0,6,23,3,2,20.8,27.0,15.8,0.1,0,0,0.0,0.0,0.0,0.0,0.0,5378.0,4684.0,5259.0,5181.0,6130.035714285715,5685.708333333333,20.0,3.473214285714286
2025-06-06,5381.0,0,6,23,4,2,21.6,27.2,16.6,0.2,0,0,0.0,0.0,0.0,0.0,0.0,5344.0,5174.0,5085.0,5447.0,6159.607142857143,5683.508333333333,20.24285714285714,2.7250000000000005
2025-06-07,6513.0,1,6,23,5,2,21.7,27.2,16.8,0.0,0,0,0.0,0.0,0.0,0.0,0.0,5381.0,7658.125,5767.0,5397.0,5996.017857142857,5720.708333333333,20.485714285714288,2.1821428571428574
2025-06-08,5982.0,1,6,23,6,2,21.8,27.0,17.2,0.9,0,0,0.0,0.0,0.0,0.0,0.0,6513.0,6423.0,6080.0,5569.0,5933.017857142857,5734.475,20.714285714285715,1.9250000000000005
2025-06-09,5148.0,0,6,24,0,2,20.5,26.6,17.4,5.4375,0,0,0.0,0.0,0.0,0.0,0.0,5982.0,7658.125,4939.0,6632.0,5574.428571428572,5685.008333333333,20.785714285714285,1.9250000000000003
2025-06-10,4666.0,0,6,24,1,2,18.1,21.3,16.7,5.4375,0,0,0.0,0.0,0.0,0.0,0.0,5148.0,5275.0,5054.0,6096.0,5487.428571428572,5637.341666666666,20.614285714285717,1.9250000000000003
2025-06-11,5393.0,0,6,24,2,2,20.6,25.9,16.0,0.0,0,0,0.0,0.0,0.0,0.0,0.0,4666.0,5378.0,5172.0,5815.0,5489.571428571428,5623.275,20.72857142857143,1.7250000000000003
2025-06-12,5445.0,0,6,24,3,2,21.6,27.1,17.1,0.0,0,0,0.0,0.0,0.0,0.0,0.0,5393.0,5344.0,4684.0,4916.0,5504.0,5640.908333333334,20.842857142857145,1.7107142857142859
2025-06-13,5712.0,0,6,24,4,2,22.3,28.0,17.4,0.0,0,0,0.0,0.0,0.0,0.0,0.0,5445.0,5381.0,5174.0,5292.0,5551.285714285715,5654.908333333334,20.942857142857143,1.6821428571428574
2025-06-14,6391.0,1,6,24,5,2,22.6,27.2,18.0,0.0,0,0,0.0,0.0,0.0,0.0,0.0,5712.0,6513.0,7658.125,5899.0,5533.857142857143,5671.308333333333,21.071428571428573,1.6821428571428574
2025-06-15,6046.0,1,6,24,6,2,21.2,24.5,18.5,5.4375,0,0,0.0,0.0,0.0,0.0,0.0,6391.0,5982.0,6423.0,5505.0,5543.0,5689.341666666666,20.985714285714288,2.330357142857143
2025-06-16,5566.0,0,6,25,0,2,21.0,25.3,18.1,4.7,0,0,0.0,0.0,0.0,0.0,0.0,6046.0,5148.0,7658.125,6800.0,5602.714285714285,5648.208333333333,21.057142857142857,2.225
2025-06-17,5188.0,0,6,25,1,2,21.2,24.8,18.2,5.4375,0,0,0.0,0.0,0.0,0.0,0.0,5566.0,4666.0,5275.0,6366.0,5677.285714285715,5608.941666666667,21.5,2.2250000000000005
2025-06-18,5448.0,0,6,25,2,2,21.4,26.3,17.8,0.8,0,0,0.0,0.0,0.0,0.0,0.0,5188.0,5393.0,5378.0,5277.0,5685.142857142857,5614.641666666666,21.61428571428571,2.339285714285715
2025-06-19,5697.0,0,6,25,3,2,21.4,25.8,18.2,0.9,0,0,0.0,0.0,0.0,0.0,0.0,5448.0,5445.0,5344.0,5493.0,5721.142857142857,5621.441666666667,21.585714285714285,2.467857142857143
2025-06-20,5235.0,0,6,25,4,2,21.3,26.2,18.2,0.9,0,0,0.0,0.0,0.0,0.0,0.0,5697.0,5712.0,5381.0,5117.0,5653.0,5625.375,21.442857142857147,2.596428571428572
2025-06-21,5890.0,1,6,25,5,2,20.7,27.5,18.3,5.4375,0,0,0.0,0.0,0.0,0.0,0.0,5235.0,6391.0,6513.0,5259.0,5581.428571428572,5646.408333333334,21.17142857142857,3.3732142857142864
2025-06-22,6077.0,1,6,25,6,2,18.5,19.5,17.7,5.4375,0,0,0.0,0.0,0.0,0.0,0.0,5890.0,6046.0,5982.0,5085.0,5585.857142857143,5679.475,20.785714285714285,3.3732142857142864
2025-06-23,5366.0,0,6,26,0,2,19.2,22.2,17.7,5.1,0,0,0.0,0.0,0.0,0.0,0.0,6077.0,5566.0,5148.0,5767.0,5557.285714285715,5666.108333333334,20.52857142857143,3.430357142857143
2025-06-24,5241.0,0,6,26,1,2,20.0,23.3,17.2,1.8,0,0,0.0,0.0,0.0,0.0,0.0,5366.0,5188.0,4666.0,6080.0,5564.857142857143,5638.141666666666,20.357142857142858,2.910714285714286
2025-06-25,5011.0,0,6,26,2,2,19.9,23.8,17.1,3.5,0,0,0.0,0.0,0.0,0.0,0.0,5241.0,5448.0,5393.0,4939.0,5502.428571428572,5640.541666666667,20.142857142857142,3.2964285714285717
2025-06-26,5133.0,0,6,26,3,2,20.6,25.1,17.9,5.4375,0,0,0.0,0.0,0.0,0.0,0.0,5011.0,5697.0,5445.0,5054.0,5421.857142857143,5643.175,20.02857142857143,3.944642857142857
2025-06-27,5500.0,0,6,26,4,2,20.7,26.0,17.7,5.4375,0,0,0.0,0.0,0.0,0.0,0.0,5133.0,5235.0,5712.0,5172.0,5459.714285714285,5654.108333333334,19.942857142857143,4.5928571428571425
2025-06-28,6354.0,1,6,26,5,2,20.8,26.3,16.8,0.7,0,0,0.0,0.0,0.0,0.0,0.0,5500.0,5890.0,6391.0,4684.0,5526.0,5709.775,19.957142857142856,3.9160714285714286
2025-06-29,6419.0,1,6,26,6,2,21.0,25.8,17.1,0.3,0,0,0.0,0.0,0.0,0.0,0.0,6354.0,6077.0,6046.0,5174.0,5574.857142857143,5751.275,20.314285714285713,3.1821428571428574
2025-06-30,5170.0,0,6,27,0,2,21.7,26.8,18.1,2.1,0,0,0.0,0.0,0.0,0.0,0.0,6419.0,5366.0,5566.0,7658.125,5546.857142857143,5668.3375,20.671428571428574,2.753571428571429
2025-07-01,5507.0,0,7,27,1,3,21.9,26.9,18.4,3.5,0,0,0.0,0.0,0.0,0.0,0.0,5170.0,5241.0,5188.0,6423.0,5584.857142857143,5637.804166666667,20.942857142857143,2.9964285714285714
2025-07-02,4812.0,0,7,27,2,3,20.2,25.3,17.3,5.4375,0,0,0.0,0.0,0.0,0.0,0.0,5507.0,5011.0,5448.0,7658.125,5556.428571428572,5542.933333333333,20.985714285714288,3.273214285714286
2025-07-03,5182.0,0,7,27,3,3,20.4,23.8,17.3,3.4,0,0,0.0,0.0,0.0,0.0,0.0,4812.0,5133.0,5697.0,5275.0,5563.428571428572,5539.833333333333,20.957142857142856,2.9821428571428577
2025-07-04,5540.0,0,7,27,4,3,20.2,23.0,17.6,4.6,0,0,0.0,0.0,0.0,0.0,0.0,5182.0,5500.0,5235.0,5378.0,5569.142857142857,5545.233333333334,20.885714285714283,2.8625000000000003
2025-07-05,5800.0,1,7,27,5,3,18.6,19.6,17.2,5.4375,0,0,0.0,0.0,0.0,0.0,0.0,5540.0,6354.0,5890.0,5344.0,5490.0,5560.433333333333,20.571428571428573,3.539285714285715
2025-07-06,6051.0,1,7,27,6,3,18.5,22.9,17.1,5.4375,0,0,0.0,0.0,0.0,0.0,0.0,5800.0,6419.0,6077.0,5381.0,5437.428571428572,5582.766666666666,20.214285714285715,4.273214285714286
2025-07-07,5414.0,0,7,28,0,3,19.6,23.1,17.4,3.4,0,0,0.0,0.0,0.0,0.0,0.0,6051.0,5170.0,5366.0,6513.0,5472.285714285715,5546.133333333333,19.914285714285715,4.458928571428571
2025-07-08,5690.0,0,7,28,1,3,20.4,24.4,16.9,0.3,0,0,0.0,0.0,0.0,0.0,0.0,5414.0,5507.0,5241.0,5982.0,5498.428571428572,5536.4,19.7,4.001785714285715
2025-07-09,5301.0,0,7,28,2,3,20.9,25.8,17.3,0.7,0,0,0.0,0.0,0.0,0.0,0.0,5690.0,4812.0,5011.0,5148.0,5568.285714285715,5541.5,19.8,3.325
2025-07-10,5250.0,0,7,28,3,3,21.6,26.6,17.2,0.7,0,0,0.0,0.0,0.0,0.0,0.0,5301.0,5182.0,5133.0,4666.0,5578.0,5560.966666666666,19.97142857142857,2.9392857142857145
2025-07-11,5141.0,0,7,28,4,3,21.2,25.9,17.5,5.4375,0,0,0.0,0.0,0.0,0.0,0.0,5250.0,5540.0,5500.0,5393.0,5521.0,5552.566666666667,20.114285714285717,3.0589285714285714
2025-07-12,6482.0,1,7,28,5,3,20.7,24.6,17.9,5.4375,0,0,0.0,0.0,0.0,0.0,0.0,5141.0,5800.0,6354.0,5445.0,5618.428571428572,5587.133333333333,20.414285714285715,3.0589285714285714
2025-07-13,6649.0,1,7,28,6,3,21.2,25.8,17.6,1.7,0,0,0.0,0.0,0.0,0.0,0.0,6482.0,6051.0,6419.0,5712.0,5703.857142857143,5618.366666666667,20.8,2.525
2025-07-14,5256.0,0,7,29,0,3,21.4,26.5,17.7,1.5,0,0,0.0,0.0,0.0,0.0,0.0,6649.0,5414.0,5170.0,6391.0,5681.285714285715,5580.533333333334,21.057142857142853,2.2535714285714286
2025-07-15,5376.0,0,7,29,1,3,21.7,26.9,17.5,0.5,0,0,0.0,0.0,0.0,0.0,0.0,5256.0,5690.0,5507.0,6046.0,5636.428571428572,5558.2,21.24285714285714,2.2821428571428575
2025-07-16,5045.0,0,7,29,2,3,21.6,26.0,18.2,5.4375,0,0,0.0,0.0,0.0,0.0,0.0,5376.0,5301.0,4812.0,5566.0,5599.857142857143,5540.833333333333,21.342857142857145,2.958928571428572
2025-07-17,4961.0,0,7,29,3,3,21.7,27.0,17.6,5.4375,0,0,0.0,0.0,0.0,0.0,0.0,5045.0,5250.0,5182.0,5188.0,5558.571428571428,5533.266666666666,21.357142857142858,3.635714285714286
2025-07-18,5806.0,0,7,29,4,3,22.8,27.8,18.3,0.1,0,0,0.0,0.0,0.0,0.0,0.0,4961.0,5141.0,5540.0,5448.0,5653.571428571428,5545.2,21.58571428571429,2.873214285714286
2025-07-19,6205.0,1,7,29,5,3,20.9,24.2,18.9,5.4375,0,0,0.0,0.0,0.0,0.0,0.0,5806.0,6482.0,5800.0,5697.0,5614.0,5562.133333333333,21.61428571428571,2.873214285714286
2025-07-20,6473.0,1,7,29,6,3,21.8,26.2,18.1,3.6,0,0,0.0,0.0,0.0,0.0,0.0,6205.0,6649.0,6051.0,5235.0,5588.857142857143,5603.4,21.7,3.1446428571428577
2025-07-21,5369.0,0,7,30,0,3,22.2,27.0,18.1,4.3,0,0,0.0,0.0,0.0,0.0,0.0,6473.0,5256.0,5414.0,5890.0,5605.0,5586.033333333334,21.814285714285713,3.544642857142857
2025-07-22,5505.0,0,7,30,1,3,22.7,27.8,19.0,5.4375,0,0,0.0,0.0,0.0,0.0,0.0,5369.0,5376.0,5690.0,6077.0,5623.428571428572,5566.966666666666,21.95714285714286,4.25
2025-07-23,5434.0,0,7,30,2,3,21.4,25.2,18.7,5.4375,0,0,0.0,0.0,0.0,0.0,0.0,5505.0,5045.0,5301.0,5366.0,5679.0,5569.233333333334,21.928571428571427,4.25
2025-07-24,5410.0,0,7,30,3,3,20.7,24.6,18.3,5.4375,0,0,0.0,0.0,0.0,0.0,0.0,5434.0,4961.0,5250.0,5241.0,5743.142857142857,5574.866666666667,21.785714285714285,4.25
2025-07-25,4969.0,0,7,30,4,3,20.9,24.3,18.6,5.4375,0,0,0.0,0.0,0.0,0.0,0.0,5410.0,5806.0,5141.0,5011.0,5623.571428571428,5573.466666666666,21.514285714285712,5.0125
2025-07-26,5942.0,1,7,30,5,3,19.3,20.4,18.4,5.4375,0,0,0.0,0.0,0.0,0.0,0.0,4969.0,6205.0,6482.0,5133.0,5586.0,5600.433333333333,21.285714285714285,5.0125
2025-07-27,5923.0,1,7,30,6,3,19.8,23.0,17.9,5.4375,0,0,0.0,0.0,0.0,0.0,0.0,5942.0,6473.0,6649.0,5500.0,5507.428571428572,5614.533333333334,21.0,5.275
2025-07-28,5191.0,0,7,31,0,3,21.0,26.0,16.9,2.5,0,0,0.0,0.0,0.0,0.0,0.0,5923.0,5369.0,5256.0,6354.0,5482.0,5575.766666666666,20.828571428571426,5.017857142857143
2025-07-29,5237.0,0,7,31,1,3,22.2,27.9,17.6,0.1,0,0,0.0,0.0,0.0,0.0,0.0,5191.0,5505.0,5376.0,6419.0,5443.714285714285,5536.366666666667,20.75714285714286,4.255357142857143
2025-07-30,4969.0,0,7,31,2,3,22.0,26.7,18.3,1.2,0,0,0.0,0.0,0.0,0.0,0.0,5237.0,5434.0,5045.0,5170.0,5377.285714285715,5529.666666666667,20.842857142857145,3.65
2025-07-31,4835.0,0,7,31,3,3,20.3,24.3,18.1,5.4375,0,0,0.0,0.0,0.0,0.0,0.0,4969.0,5410.0,4961.0,5507.0,5295.142857142857,5507.266666666666,20.785714285714285,3.65
2025-08-01,5441.0,0,8,31,4,3,21.4,26.6,17.7,1.2,0,0,0.0,0.0,0.0,0.0,0.0,4835.0,4969.0,5806.0,4812.0,5362.571428571428,5528.233333333334,20.857142857142858,3.044642857142857
2025-08-02,6275.0,1,8,31,5,3,21.1,25.4,18.5,5.4375,0,0,0.0,0.0,0.0,0.0,0.0,5441.0,5942.0,6205.0,5182.0,5410.142857142857,5564.666666666667,21.11428571428571,3.044642857142857
2025-08-03,6642.0,1,8,31,6,3,21.7,26.8,17.9,0.1,0,0,0.0,0.0,0.0,0.0,0.0,6275.0,5923.0,6473.0,5540.0,5512.857142857143,5601.4,21.385714285714283,2.2821428571428575
2025-08-04,5045.0,0,8,32,0,3,22.2,27.5,18.5,0.2,0,0,0.0,0.0,0.0,0.0,0.0,6642.0,5191.0,5369.0,5800.0,5492.0,5576.233333333334,21.557142857142857,1.953571428571429
2025-08-05,5374.0,0,8,32,1,3,22.3,28.3,18.5,1.3,0,0,0.0,0.0,0.0,0.0,0.0,5045.0,5237.0,5505.0,6051.0,5511.571428571428,5553.666666666667,21.571428571428573,2.1250000000000004
2025-08-06,4904.0,0,8,32,2,3,21.7,25.6,18.9,5.4375,0,0,0.0,0.0,0.0,0.0,0.0,5374.0,4969.0,5434.0,5414.0,5502.285714285715,5536.666666666667,21.528571428571432,2.730357142857143
2025-08-07,5089.0,0,8,32,3,3,20.3,24.6,18.4,5.4375,0,0,0.0,0.0,0.0,0.0,0.0,4904.0,4835.0,5410.0,5690.0,5538.571428571428,5516.633333333333,21.52857142857143,2.730357142857143
2025-08-08,4934.0,0,8,32,4,3,21.0,25.3,17.5,2.5,0,0,0.0,0.0,0.0,0.0,0.0,5089.0,5441.0,4969.0,5301.0,5466.142857142857,5504.4,21.471428571428568,2.9160714285714286
2025-08-09,6782.0,1,8,32,5,3,21.6,25.9,18.2,0.3,0,0,0.0,0.0,0.0,0.0,0.0,4934.0,6275.0,5942.0,5250.0,5538.571428571428,5555.466666666666,21.542857142857144,2.1821428571428574
2025-08-10,6393.0,1,8,32,6,3,21.7,25.9,18.2,0.3,0,0,0.0,0.0,0.0,0.0,0.0,6782.0,6642.0,5923.0,5141.0,5503.0,5597.2,21.542857142857144,2.210714285714286
2025-08-11,5750.0,0,8,33,0,3,21.2,26.0,18.6,4.5,0,0,0.0,0.0,0.0,0.0,0.0,6393.0,5045.0,5191.0,6482.0,5603.714285714285,5572.8,21.4,2.8249999999999997
2025-08-12,5222.0,0,8,33,1,3,19.5,21.9,18.2,5.4375,0,0,0.0,0.0,0.0,0.0,0.0,5750.0,5374.0,5237.0,6649.0,5582.0,5525.233333333334,21.0,3.4160714285714286
2025-08-13,5292.0,0,8,33,2,3,19.3,22.3,17.7,5.4375,0,0,0.0,0.0,0.0,0.0,0.0,5222.0,4904.0,4969.0,5256.0,5637.428571428572,5526.433333333333,20.657142857142855,3.4160714285714286
2025-08-14,5277.0,0,8,33,3,3,19.7,23.0,17.6,5.4375,0,0,0.0,0.0,0.0,0.0,0.0,5292.0,5089.0,4835.0,5376.0,5664.285714285715,5523.133333333333,20.571428571428573,3.4160714285714286
2025-08-15,5426.0,0,8,33,4,3,20.5,25.3,17.2,4.0,0,0,0.0,0.0,0.0,0.0,0.0,5277.0,4934.0,5441.0,5045.0,5734.571428571428,5535.833333333333,20.5,3.630357142857143
2025-08-16,6081.0,1,8,33,5,3,19.3,22.6,17.1,5.4375,0,0,0.0,0.0,0.0,0.0,0.0,5426.0,6782.0,6275.0,4961.0,5634.428571428572,5573.166666666667,20.17142857142857,4.364285714285715
2025-08-17,5929.0,1,8,33,6,3,19.1,23.0,17.6,5.4375,0,0,0.0,0.0,0.0,0.0,0.0,6081.0,6393.0,6642.0,5806.0,5568.142857142857,5577.266666666666,19.8,5.098214285714286
2025-08-18,5555.0,0,8,34,0,3,20.1,24.9,15.8,0.9,0,0,0.0,0.0,0.0,0.0,0.0,5929.0,5750.0,5045.0,6205.0,5540.285714285715,5555.6,19.642857142857142,4.583928571428571
2025-08-19,5091.0,0,8,34,1,3,20.5,24.4,17.8,3.3,0,0,0.0,0.0,0.0,0.0,0.0,5555.0,5222.0,5374.0,6473.0,5521.571428571428,5509.533333333334,19.785714285714285,4.278571428571429
2025-08-20,5169.0,0,8,34,2,3,20.2,23.8,17.6,1.0,0,0,0.0,0.0,0.0,0.0,0.0,5091.0,5292.0,4904.0,5369.0,5504.0,5502.866666666667,19.914285714285715,3.6446428571428577
2025-08-21,5438.0,0,8,34,3,3,19.8,23.1,17.2,0.2,0,0,0.0,0.0,0.0,0.0,0.0,5169.0,5277.0,5089.0,5505.0,5527.0,5500.633333333333,19.928571428571427,2.896428571428572
2025-08-22,4899.0,0,8,34,4,3,18.6,21.5,17.6,5.4375,0,0,0.0,0.0,0.0,0.0,0.0,5438.0,5426.0,4934.0,5434.0,5451.714285714285,5482.8,19.657142857142862,3.1017857142857146
2025-08-23,6290.0,1,8,34,5,3,19.3,22.8,17.3,1.2,0,0,0.0,0.0,0.0,0.0,0.0,4899.0,6081.0,6782.0,5410.0,5481.571428571428,5512.133333333333,19.657142857142855,2.4964285714285714
2025-08-24,6168.0,1,8,34,6,3,18.8,21.3,17.3,5.4375,0,0,0.0,0.0,0.0,0.0,0.0,6290.0,5929.0,6393.0,4969.0,5515.714285714285,5552.1,19.614285714285717,2.4964285714285714
2025-08-25,5117.0,0,8,35,0,3,19.5,23.3,17.3,5.4375,0,0,0.0,0.0,0.0,0.0,0.0,6168.0,5555.0,5750.0,5942.0,5453.142857142857,5524.6,19.52857142857143,3.1446428571428577
2025-08-26,5210.0,0,8,35,1,3,20.3,24.9,16.3,0.5,0,0,0.0,0.0,0.0,0.0,0.0,5117.0,5091.0,5222.0,5923.0,5470.142857142857,5500.833333333333,19.5,2.7446428571428574
2025-08-27,5601.0,0,8,35,2,3,20.3,24.7,16.3,1.4,0,0,0.0,0.0,0.0,0.0,0.0,5210.0,5169.0,5292.0,5191.0,5531.857142857143,5514.5,19.514285714285716,2.8017857142857143
2025-08-28,5131.0,0,8,35,3,3,20.0,23.7,17.4,5.4375,0,0,0.0,0.0,0.0,0.0,0.0,5601.0,5438.0,5277.0,5237.0,5488.0,5510.966666666666,19.542857142857144,3.5500000000000003
2025-08-29,5283.0,0,8,35,4,3,19.0,22.4,17.1,5.4375,0,0,0.0,0.0,0.0,0.0,0.0,5131.0,4899.0,5426.0,4969.0,5542.857142857143,5521.433333333333,19.6,3.5500000000000003
2025-08-30,6429.0,1,8,35,5,3,19.6,23.9,16.5,5.4375,0,0,0.0,0.0,0.0,0.0,0.0,5283.0,6290.0,6081.0,4835.0,5562.714285714285,5574.566666666667,19.642857142857142,4.155357142857143
2025-08-31,6338.0,1,8,35,6,3,19.9,24.7,16.7,1.7,0,0,0.0,0.0,0.0,0.0,0.0,6429.0,6168.0,5929.0,5441.0,5587.0,5604.466666666666,19.8,3.6214285714285723
2025-09-01,5494.0,0,9,36,0,3,19.9,24.7,16.6,3.7,0,0,0.0,0.0,0.0,0.0,0.0,6338.0,5117.0,5555.0,6275.0,5640.857142857143,5578.433333333333,19.857142857142858,3.373214285714286
2025-09-02,5488.0,0,9,36,1,3,20.5,25.3,16.4,0.0,0,0,0.0,0.0,0.0,0.0,0.0,5494.0,5210.0,5091.0,6642.0,5680.571428571428,5539.966666666666,19.885714285714283,3.3017857142857148
2025-09-03,5314.0,0,9,36,2,3,21.2,26.3,17.0,0.0,0,0,0.0,0.0,0.0,0.0,0.0,5488.0,5601.0,5169.0,5045.0,5639.571428571428,5548.933333333333,20.014285714285712,3.1017857142857146
2025-09-04,5544.0,0,9,36,3,3,21.3,26.4,17.3,0.0,0,0,0.0,0.0,0.0,0.0,0.0,5314.0,5131.0,5438.0,5374.0,5698.571428571428,5554.6,20.2,2.325
2025-09-05,5590.0,0,9,36,4,3,21.2,25.8,17.2,0.1,0,0,0.0,0.0,0.0,0.0,0.0,5544.0,5283.0,4899.0,4904.0,5742.428571428572,5577.466666666666,20.514285714285712,1.5625000000000002
2025-09-06,6534.0,1,9,36,5,3,20.6,23.9,17.9,3.5,0,0,0.0,0.0,0.0,0.0,0.0,5590.0,6429.0,6290.0,5089.0,5757.428571428572,5625.633333333333,20.657142857142855,1.285714285714286
2025-09-07,6887.0,1,9,36,6,3,20.7,25.2,17.4,2.6,0,0,0.0,0.0,0.0,0.0,0.0,6534.0,6338.0,6168.0,4934.0,5835.857142857143,5690.733333333334,20.771428571428572,1.4142857142857146
2025-09-08,5699.0,0,9,37,0,3,20.6,25.2,17.6,1.2,0,0,0.0,0.0,0.0,0.0,0.0,6887.0,5494.0,5117.0,6782.0,5865.142857142857,5654.633333333333,20.87142857142857,1.0571428571428574
2025-09-09,5426.0,0,9,37,1,3,20.8,24.7,18.1,4.2,0,0,0.0,0.0,0.0,0.0,0.0,5699.0,5488.0,5210.0,6393.0,5856.285714285715,5622.4,20.914285714285715,1.6571428571428573
2025-09-10,5218.0,0,9,37,2,3,20.5,24.4,17.8,2.7,0,0,0.0,0.0,0.0,0.0,0.0,5426.0,5314.0,5601.0,5750.0,5842.571428571428,5604.666666666667,20.814285714285717,2.042857142857143
2025-09-11,5227.0,0,9,37,3,3,20.5,24.0,17.9,0.7,0,0,0.0,0.0,0.0,0.0,0.0,5218.0,5544.0,5131.0,5222.0,5797.285714285715,5604.833333333333,20.7,2.1428571428571432
2025-09-12,5294.0,0,9,37,4,3,20.4,23.7,17.8,3.4,0,0,0.0,0.0,0.0,0.0,0.0,5227.0,5590.0,5283.0,5292.0,5755.0,5604.9,20.58571428571429,2.6142857142857148
2025-09-13,5784.0,1,9,37,5,3,19.0,21.5,17.7,5.4375,0,0,0.0,0.0,0.0,0.0,0.0,5294.0,6534.0,6429.0,5277.0,5647.857142857143,5621.8,20.357142857142858,2.891071428571429
2025-09-14,6043.0,1,9,37,6,3,19.5,23.5,16.6,5.4375,0,0,0.0,0.0,0.0,0.0,0.0,5784.0,6887.0,6338.0,5426.0,5527.285714285715,5642.366666666667,20.185714285714287,3.2964285714285717
2025-09-15,5280.0,0,9,38,0,3,19.5,24.2,16.0,0.3,0,0,0.0,0.0,0.0,0.0,0.0,6043.0,5699.0,5494.0,6081.0,5467.428571428572,5615.666666666667,20.02857142857143,3.167857142857143
2025-09-16,5231.0,0,9,38,1,3,19.4,23.6,16.1,0.7,0,0,0.0,0.0,0.0,0.0,0.0,5280.0,5426.0,5488.0,5929.0,5439.571428571428,5592.4,19.828571428571426,2.6678571428571436
2025-09-17,5468.0,0,9,38,2,3,19.7,23.9,16.7,0.4,0,0,0.0,0.0,0.0,0.0,0.0,5231.0,5218.0,5314.0,5555.0,5475.285714285715,5589.5,19.714285714285715,2.3392857142857144
2025-09-18,5319.0,0,9,38,3,3,19.9,23.6,17.1,1.5,0,0,0.0,0.0,0.0,0.0,0.0,5468.0,5227.0,5544.0,5091.0,5488.428571428572,5597.1,19.628571428571426,2.4535714285714287
2025-09-19,5260.0,0,9,38,4,3,19.9,23.4,17.4,1.5,0,0,0.0,0.0,0.0,0.0,0.0,5319.0,5294.0,5590.0,5169.0,5483.571428571428,5600.133333333333,19.557142857142857,2.1821428571428574
2025-09-20,6719.0,1,9,38,5,3,20.2,24.8,16.9,0.5,0,0,0.0,0.0,0.0,0.0,0.0,5260.0,5784.0,6534.0,5438.0,5617.142857142857,5642.833333333333,19.728571428571428,1.4767857142857146
2025-09-21,6708.0,1,9,38,6,3,20.6,26.2,16.8,0.2,0,0,0.0,0.0,0.0,0.0,0.0,6719.0,6043.0,6887.0,4899.0,5712.142857142857,5703.133333333333,19.885714285714283,0.7285714285714288
2025-09-22,5162.0,0,9,39,0,3,20.2,24.7,16.9,1.2,0,0,0.0,0.0,0.0,0.0,0.0,6708.0,5280.0,5699.0,6290.0,5695.285714285715,5665.533333333334,19.985714285714288,0.8571428571428574
2025-09-23,5062.0,0,9,39,1,3,19.0,23.0,17.1,5.4375,0,0,0.0,0.0,0.0,0.0,0.0,5162.0,5231.0,5426.0,6168.0,5671.142857142857,5628.666666666667,19.928571428571427,1.5339285714285715
2025-09-24,5003.0,0,9,39,2,3,19.0,22.9,16.9,5.4375,0,0,0.0,0.0,0.0,0.0,0.0,5062.0,5468.0,5218.0,5117.0,5604.714285714285,5624.866666666667,19.82857142857143,2.253571428571429
2025-09-25,4977.0,0,9,39,3,3,19.5,24.9,15.2,0.0,0,0,0.0,0.0,0.0,0.0,0.0,5003.0,5319.0,5227.0,5210.0,5555.857142857143,5617.1,19.771428571428572,2.0392857142857146
2025-09-26,5183.0,0,9,39,4,3,17.5,18.2,17.0,5.4375,0,0,0.0,0.0,0.0,0.0,0.0,4977.0,5260.0,5294.0,5601.0,5544.857142857143,5603.166666666667,19.428571428571427,2.6017857142857146
2025-09-27,6166.0,1,9,39,5,3,18.9,23.2,16.7,5.4375,0,0,0.0,0.0,0.0,0.0,0.0,5183.0,6719.0,5784.0,5131.0,5465.857142857143,5637.666666666667,19.24285714285714,3.3071428571428574
2025-09-28,6658.0,1,9,39,6,3,19.4,24.4,16.3,1.7,0,0,0.0,0.0,0.0,0.0,0.0,6166.0,6708.0,6043.0,5283.0,5458.714285714285,5683.5,19.071428571428573,3.521428571428572
2025-09-29,4934.0,0,9,40,0,3,18.7,23.3,15.9,5.4375,0,0,0.0,0.0,0.0,0.0,0.0,6658.0,5162.0,5280.0,6429.0,5426.142857142857,5633.666666666667,18.857142857142858,4.126785714285715
2025-09-30,5023.0,0,9,40,1,3,17.3,18.7,16.3,5.4375,0,0,0.0,0.0,0.0,0.0,0.0,4934.0,5062.0,5231.0,6338.0,5420.571428571428,5589.833333333333,18.614285714285717,4.126785714285715
2025-10-01,7658.125,0,10,40,2,4,17.6,20.0,16.3,5.4375,0,0,0.0,0.0,0.0,0.0,0.0,5023.0,5003.0,5468.0,5494.0,5799.875,5661.970833333334,18.414285714285715,4.126785714285715
2025-10-02,7658.125,0,10,40,3,4,18.7,23.2,15.6,0.5,0,0,0.0,0.0,0.0,0.0,0.0,7658.125,4977.0,5319.0,5488.0,6182.892857142857,5734.308333333333,18.3,4.198214285714286
2025-10-03,7658.125,0,10,40,4,4,19.5,24.7,15.7,0.0,0,0,0.0,0.0,0.0,0.0,0.0,7658.125,5183.0,5260.0,5314.0,6536.482142857143,5812.445833333333,18.585714285714285,3.4214285714285717
2025-10-04,6379.0,1,10,40,5,4,19.7,24.4,16.6,0.1,0,0,0.0,0.0,0.0,0.0,0.0,7658.125,6166.0,6719.0,5544.0,6566.910714285715,5840.279166666666,18.7,2.658928571428572
2025-10-05,6391.0,1,10,40,6,4,20.2,25.3,16.4,0.0,0,0,0.0,0.0,0.0,0.0,0.0,6379.0,6658.0,6708.0,5590.0,6528.767857142857,5866.979166666667,18.814285714285713,2.416071428571429
2025-10-06,7658.125,0,10,41,0,4,20.0,27.6,15.9,1.0,0,0,0.0,0.0,0.0,0.0,0.0,6391.0,4934.0,5162.0,6534.0,6917.928571428572,5904.45,19.0,1.7821428571428573
2025-10-07,5183.0,0,10,41,1,4,18.1,21.4,16.2,5.4375,0,0,0.0,0.0,0.0,0.0,0.0,7658.125,5023.0,5062.0,6887.0,6940.785714285715,5847.65,19.114285714285717,1.7821428571428573
2025-10-08,5172.0,0,10,41,2,4,18.5,22.7,16.7,5.4375,0,0,0.0,0.0,0.0,0.0,0.0,5183.0,7658.125,5003.0,5699.0,6585.625,5830.083333333333,19.24285714285714,1.7821428571428573
2025-10-09,5084.0,0,10,41,3,4,18.9,23.8,15.1,0.0,0,0,0.0,0.0,0.0,0.0,0.0,5172.0,7658.125,4977.0,5426.0,6217.892857142857,5818.683333333333,19.271428571428572,1.7107142857142859
2025-10-10,5363.0,0,10,41,4,4,19.1,23.9,15.3,0.2,0,0,0.0,0.0,0.0,0.0,0.0,5084.0,7658.125,5183.0,5218.0,5890.017857142857,5823.516666666666,19.214285714285715,1.7392857142857143
2025-10-11,6326.0,1,10,41,5,4,19.0,23.6,15.3,0.1,0,0,0.0,0.0,0.0,0.0,0.0,5363.0,6379.0,6166.0,5227.0,5882.446428571428,5860.15,19.114285714285717,1.7392857142857145
2025-10-12,6374.0,1,10,41,6,4,18.9,23.5,15.2,0.1,0,0,0.0,0.0,0.0,0.0,0.0,6326.0,6391.0,6658.0,5294.0,5880.017857142857,5896.15,18.928571428571427,1.7535714285714288
2025-10-13,5709.0,0,10,42,0,4,18.7,23.7,15.1,0.0,0,0,0.0,0.0,0.0,0.0,0.0,6374.0,7658.125,4934.0,5784.0,5601.571428571428,5893.65,18.74285714285714,1.610714285714286
2025-10-14,5299.0,0,10,42,1,4,19.0,24.0,14.7,0.0,0,0,0.0,0.0,0.0,0.0,0.0,5709.0,5183.0,5023.0,6043.0,5618.142857142857,5868.85,18.87142857142857,0.8339285714285717
2025-10-15,5246.0,0,10,42,2,4,18.9,23.6,15.1,0.0,0,0,0.0,0.0,0.0,0.0,0.0,5299.0,5172.0,7658.125,5280.0,5628.714285714285,5867.716666666666,18.928571428571427,0.0571428571428574
2025-10-16,5297.0,0,10,42,3,4,17.0,18.3,16.0,5.4375,0,0,0.0,0.0,0.0,0.0,0.0,5246.0,5084.0,7658.125,5231.0,5659.142857142857,5869.916666666667,18.657142857142855,0.8339285714285717
2025-10-17,5117.0,0,10,42,4,4,16.9,19.2,15.7,5.4375,0,0,0.0,0.0,0.0,0.0,0.0,5297.0,5363.0,7658.125,5468.0,5624.0,5858.216666666666,18.342857142857145,1.5821428571428575
2025-10-18,6409.0,1,10,42,5,4,17.7,22.1,15.0,1.1,0,0,0.0,0.0,0.0,0.0,0.0,5117.0,6326.0,6379.0,5319.0,5635.857142857143,5894.55,18.157142857142855,1.7250000000000003
2025-10-19,5953.0,1,10,42,6,4,16.2,18.5,15.1,5.4375,0,0,0.0,0.0,0.0,0.0,0.0,6409.0,6374.0,6391.0,5260.0,5575.714285714285,5917.65,17.77142857142857,2.4875000000000003
2025-10-20,5408.0,0,10,43,0,4,17.0,20.6,14.4,4.3,0,0,0.0,0.0,0.0,0.0,0.0,5953.0,5709.0,7658.125,6719.0,5532.714285714285,5873.95,17.52857142857143,3.1017857142857146
2025-10-21,5230.0,0,10,43,1,4,16.3,21.1,13.5,0.6,0,0,0.0,0.0,0.0,0.0,0.0,5408.0,5299.0,5183.0,6708.0,5522.857142857143,5824.683333333333,17.142857142857142,3.1875000000000004
2025-10-22,5185.0,0,10,43,2,4,16.3,21.7,12.8,0.0,0,0,0.0,0.0,0.0,0.0,0.0,5230.0,5246.0,5172.0,5162.0,5514.142857142857,5825.45,16.771428571428572,3.1875000000000004
2025-10-23,5493.0,0,10,43,3,4,16.1,20.9,12.8,0.0,0,0,0.0,0.0,0.0,0.0,0.0,5185.0,5297.0,5084.0,5062.0,5542.142857142857,5839.816666666667,16.642857142857142,2.410714285714286
2025-10-24,4881.0,0,10,43,4,4,16.0,20.3,13.0,0.5,0,0,0.0,0.0,0.0,0.0,0.0,5493.0,5117.0,5363.0,5003.0,5508.428571428572,5835.75,16.514285714285712,1.7053571428571435
2025-10-25,6140.0,1,10,43,5,4,16.4,21.0,13.2,1.0,0,0,0.0,0.0,0.0,0.0,0.0,4881.0,6409.0,6326.0,4977.0,5470.0,5874.516666666666,16.32857142857143,1.6910714285714288
2025-10-26,6291.0,1,10,43,6,4,16.6,22.1,12.8,0.0,0,0,0.0,0.0,0.0,0.0,0.0,6140.0,5953.0,6374.0,5183.0,5518.285714285715,5911.45,16.385714285714286,0.9142857142857145
2025-10-27,5157.0,0,10,44,0,4,16.6,22.4,11.9,0.0,0,0,0.0,0.0,0.0,0.0,0.0,6291.0,5408.0,5709.0,6166.0,5482.428571428572,5877.816666666667,16.32857142857143,0.30000000000000027
2025-10-28,4965.0,0,10,44,1,4,16.7,22.5,12.3,0.0,0,0,0.0,0.0,0.0,0.0,0.0,5157.0,5230.0,5299.0,6658.0,5444.571428571428,5821.383333333333,16.385714285714283,0.21428571428571455
2025-10-29,5180.0,0,10,44,2,4,17.3,22.1,13.5,0.0,0,0,0.0,0.0,0.0,0.0,0.0,4965.0,5185.0,5246.0,4934.0,5443.857142857143,5829.583333333333,16.52857142857143,0.21428571428571455
2025-10-30,5449.0,0,10,44,3,4,17.6,22.8,14.0,0.0,0,0,0.0,0.0,0.0,0.0,0.0,5180.0,5493.0,5297.0,5023.0,5437.571428571428,5843.783333333334,16.742857142857144,0.21428571428571455
2025-10-31,4964.0,0,10,44,4,4,17.8,23.0,14.4,0.5,0,0,0.0,0.0,0.0,0.0,0.0,5449.0,4881.0,5117.0,7658.125,5449.428571428572,5753.979166666667,17.0,0.21428571428571455
2025-11-01,5582.0,1,11,44,5,4,17.1,21.6,13.9,0.5,0,0,0.0,0.0,0.0,0.0,0.0,4964.0,6140.0,6409.0,7658.125,5369.714285714285,5684.775,17.1,0.1428571428571431
2025-11-02,6101.0,1,11,44,6,4,16.2,19.8,14.3,5.4375,0,0,0.0,0.0,0.0,0.0,0.0,5582.0,6291.0,5953.0,7658.125,5342.571428571428,5632.870833333333,17.042857142857144,0.9196428571428574
2025-11-03,4716.0,0,11,45,0,4,12.8,15.8,11.8,5.4375,0,0,0.0,0.0,0.0,0.0,0.0,6101.0,5157.0,5408.0,6379.0,5279.571428571428,5577.4375,16.5,1.6964285714285716
2025-11-04,4904.0,0,11,45,1,4,13.1,16.4,11.0,0.0,0,0,0.0,0.0,0.0,0.0,0.0,4716.0,4965.0,5230.0,6391.0,5270.857142857143,5527.870833333333,15.985714285714286,1.6964285714285716
2025-11-05,4680.0,0,11,45,2,4,13.8,15.6,11.2,5.4375,0,0,0.0,0.0,0.0,0.0,0.0,4904.0,5180.0,5185.0,7658.125,5199.428571428572,5428.6,15.485714285714286,2.4732142857142856
2025-11-06,5153.0,0,11,45,3,4,17.0,21.5,14.2,0.2,0,0,0.0,0.0,0.0,0.0,0.0,4680.0,5449.0,5493.0,5183.0,5157.142857142857,5427.6,15.400000000000002,2.5017857142857145
2025-11-07,5136.0,0,11,45,4,4,17.2,23.5,13.4,0.0,0,0,0.0,0.0,0.0,0.0,0.0,5153.0,4964.0,4881.0,5172.0,5181.714285714285,5426.4,15.314285714285713,2.4303571428571433
2025-11-08,6530.0,1,11,45,5,4,17.0,23.1,13.7,0.0,0,0,0.0,0.0,0.0,0.0,0.0,5136.0,5582.0,6140.0,5084.0,5317.142857142857,5474.6,15.299999999999999,2.3589285714285717
2025-11-09,6192.0,1,11,45,6,4,17.1,22.4,13.5,0.0,0,0,0.0,0.0,0.0,0.0,0.0,6530.0,6101.0,6291.0,5363.0,5330.142857142857,5502.233333333334,15.428571428571429,1.5821428571428573
2025-11-10,5154.0,0,11,46,0,4,16.1,21.6,12.4,0.0,0,0,0.0,0.0,0.0,0.0,0.0,6192.0,4716.0,5157.0,6326.0,5392.714285714285,5463.166666666667,15.9,0.8053571428571431
2025-11-11,5135.0,0,11,46,1,4,14.8,21.1,10.0,0.0,0,0,0.0,0.0,0.0,0.0,0.0,5154.0,4904.0,4965.0,6374.0,5425.714285714285,5421.866666666667,16.142857142857142,0.8053571428571431
2025-11-12,5179.0,0,11,46,2,4,14.2,20.0,9.4,0.0,0,0,0.0,0.0,0.0,0.0,0.0,5135.0,4680.0,5180.0,5709.0,5497.0,5404.2,16.2,0.028571428571428827
2025-11-13,5157.0,0,11,46,3,4,14.1,19.6,10.0,0.0,0,0,0.0,0.0,0.0,0.0,0.0,5179.0,5153.0,5449.0,5299.0,5497.571428571428,5399.466666666666,15.785714285714288,0.0
2025-11-14,5175.0,0,11,46,4,4,13.4,19.2,8.7,0.0,0,0,0.0,0.0,0.0,0.0,0.0,5157.0,5136.0,4964.0,5246.0,5503.142857142857,5397.1,15.242857142857144,0.0
2025-11-15,6155.0,1,11,46,5,4,13.2,19.6,8.6,0.0,0,0,0.0,0.0,0.0,0.0,0.0,5175.0,6530.0,5582.0,5297.0,5449.571428571428,5425.7,14.700000000000001,0.0
2025-11-16,6287.0,1,11,46,6,4,13.2,19.6,8.6,0.0,0,0,0.0,0.0,0.0,0.0,0.0,6155.0,6192.0,6101.0,5117.0,5463.142857142857,5464.7,14.142857142857142,0.0
2025-11-17,5249.0,0,11,47,0,4,12.7,19.4,8.1,0.0,0,0,0.0,0.0,0.0,0.0,0.0,6287.0,5154.0,4716.0,6409.0,5476.714285714285,5426.033333333334,13.657142857142857,0.0
2025-11-18,5153.0,0,11,47,1,4,13.2,19.4,9.6,0.0,0,0,0.0,0.0,0.0,0.0,0.0,5249.0,5135.0,4904.0,5953.0,5479.285714285715,5399.366666666667,13.428571428571427,0.0
2025-11-19,4787.0,0,11,47,2,4,10.7,13.3,8.9,2.3,0,0,0.0,0.0,0.0,0.0,0.0,5153.0,5179.0,4680.0,5408.0,5423.285714285715,5378.666666666667,12.928571428571429,0.3285714285714288
2025-11-20,5040.0,0,11,47,3,4,11.6,15.8,9.7,0.7,0,0,0.0,0.0,0.0,0.0,0.0,4787.0,5157.0,5153.0,5230.0,5406.571428571428,5372.333333333333,12.57142857142857,0.4285714285714288
2025-11-21,4885.0,0,11,47,4,4,12.1,15.8,9.9,2.6,0,0,0.0,0.0,0.0,0.0,0.0,5040.0,5175.0,5136.0,5185.0,5365.142857142857,5362.333333333333,12.385714285714286,0.8000000000000002
2025-11-22,6463.0,1,11,47,5,4,11.7,14.7,9.1,2.0,0,0,0.0,0.0,0.0,0.0,0.0,4885.0,6155.0,6530.0,5493.0,5409.142857142857,5394.666666666667,12.171428571428569,1.0857142857142859
2025-11-23,5799.0,1,11,47,6,4,12.2,14.8,9.5,0.0,0,0,0.0,0.0,0.0,0.0,0.0,6463.0,6287.0,6192.0,4881.0,5339.428571428572,5425.266666666666,12.028571428571427,1.0857142857142859
2025-11-24,5258.0,0,11,48,0,4,11.3,14.5,8.6,1.6,0,0,0.0,0.0,0.0,0.0,0.0,5799.0,5249.0,5154.0,6140.0,5340.714285714285,5395.866666666667,11.828571428571431,1.3142857142857145
2025-11-25,5117.0,0,11,48,1,4,10.0,12.4,8.5,2.5,0,0,0.0,0.0,0.0,0.0,0.0,5258.0,5153.0,5135.0,6291.0,5335.571428571428,5356.733333333334,11.37142857142857,1.6714285714285715
2025-11-26,4960.0,0,11,48,2,4,10.7,15.2,7.0,0.2,0,0,0.0,0.0,0.0,0.0,0.0,5117.0,4787.0,5179.0,5157.0,5360.285714285715,5350.166666666667,11.37142857142857,1.3714285714285719
2025-11-27,5273.0,0,11,48,3,4,10.7,14.8,7.5,0.0,0,0,0.0,0.0,0.0,0.0,0.0,4960.0,5040.0,5157.0,4965.0,5393.571428571428,5360.433333333333,11.242857142857144,1.2714285714285718
2025-11-28,5329.0,0,11,48,4,4,10.6,17.7,6.4,0.0,0,0,0.0,0.0,0.0,0.0,0.0,5273.0,4885.0,5175.0,5180.0,5457.0,5365.4,11.028571428571427,0.9000000000000002
2025-11-29,6104.0,1,11,48,5,4,10.7,17.7,5.9,0.0,0,0,0.0,0.0,0.0,0.0,0.0,5329.0,6463.0,6155.0,5449.0,5405.714285714285,5387.233333333334,10.885714285714286,0.6142857142857145
2025-11-30,6534.0,1,11,48,6,4,10.9,17.6,6.0,0.0,0,0,0.0,0.0,0.0,0.0,0.0,6104.0,5799.0,6287.0,4964.0,5510.714285714285,5439.566666666667,10.700000000000001,0.6142857142857145
2025-12-01,5200.0,0,12,49,0,4,11.0,17.3,6.7,0.0,0,0,0.0,0.0,0.0,0.0,0.0,6534.0,5258.0,5249.0,5582.0,5502.428571428572,5426.833333333333,10.657142857142857,0.385714285714286
